-- phpMyAdmin SQL Dump
-- version 4.1.4
-- http://www.phpmyadmin.net
--
-- Host: 127.0.0.1
-- Generation Time: Nov 17, 2015 at 12:50 AM
-- Server version: 5.6.15-log
-- PHP Version: 5.5.8

SET SQL_MODE = "NO_AUTO_VALUE_ON_ZERO";
SET time_zone = "+00:00";


/*!40101 SET @OLD_CHARACTER_SET_CLIENT=@@CHARACTER_SET_CLIENT */;
/*!40101 SET @OLD_CHARACTER_SET_RESULTS=@@CHARACTER_SET_RESULTS */;
/*!40101 SET @OLD_COLLATION_CONNECTION=@@COLLATION_CONNECTION */;
/*!40101 SET NAMES utf8 */;

--
-- Database: `openbuilding`
--

-- --------------------------------------------------------

--
-- Table structure for table `buildings`
--

CREATE TABLE IF NOT EXISTS `buildings` (
  `id` int(11) NOT NULL AUTO_INCREMENT,
  `created_date` timestamp NOT NULL DEFAULT '0000-00-00 00:00:00',
  `updated_date` timestamp NOT NULL DEFAULT CURRENT_TIMESTAMP ON UPDATE CURRENT_TIMESTAMP,
  `user_id` int(11) NOT NULL,
  `latitude` double NOT NULL,
  `longitude` double NOT NULL,
  `name` varchar(32) NOT NULL,
  `description` text NOT NULL,
  `initial_floor_number` int(11) NOT NULL DEFAULT '0',
  PRIMARY KEY (`id`),
  KEY `user_id` (`user_id`)
) ENGINE=MyISAM  DEFAULT CHARSET=latin1 AUTO_INCREMENT=113 ;

--
-- Dumping data for table `buildings`
--

INSERT INTO `buildings` (`id`, `created_date`, `updated_date`, `user_id`, `latitude`, `longitude`, `name`, `description`, `initial_floor_number`) VALUES
(81, '2014-06-01 12:50:01', '2014-06-01 09:55:35', 71, 44.443836818602065, 26.061677788208044, 'radu''s mansion', '', 0),
(71, '2014-05-31 21:48:51', '2014-05-31 18:48:51', 21, 44.435716956742795, 26.10051617474369, 'UniBuc ', '', 0),
(111, '2014-06-09 17:32:37', '2014-06-09 14:32:37', 41, 31.05236148730881, 28.405456398437536, 'Contributii', '', 0),
(101, '2014-06-09 12:19:28', '2014-06-09 09:19:28', 21, 31.31816234746114, 27.224426125000036, 'Marele zid chinezesc', '', 0),
(112, '2015-01-16 16:25:08', '2015-01-16 16:25:09', 21, 32.395914588939945, 14.771423195312536, 'tripoli building', '', 0);

-- --------------------------------------------------------

--
-- Table structure for table `floors`
--

CREATE TABLE IF NOT EXISTS `floors` (
  `id` int(11) NOT NULL AUTO_INCREMENT,
  `building_id` int(11) NOT NULL,
  `floor_json` text NOT NULL,
  `floor_number` int(11) NOT NULL,
  PRIMARY KEY (`id`),
  KEY `location_id` (`building_id`)
) ENGINE=MyISAM  DEFAULT CHARSET=latin1 AUTO_INCREMENT=103 ;

--
-- Dumping data for table `floors`
--

INSERT INTO `floors` (`id`, `building_id`, `floor_json`, `floor_number`) VALUES
(11, 41, '[{"kind":"wall","info":{"x1":27,"x2":40,"y1":7,"y2":7}},{"kind":"wall","info":{"x1":27,"x2":40,"y1":7,"y2":7}},{"kind":"wall","info":{"x1":27,"x2":27,"y1":7,"y2":16}},{"kind":"wall","info":{"x1":40,"x2":40,"y1":7,"y2":16}},{"kind":"wall","info":{"x1":27,"x2":40,"y1":16,"y2":16}},{"kind":"stair","info":{"x":33.1,"y":16.7},"type":"up"},{"kind":"door","info":{"x":34.15,"y":14.95},"type":"normal","angle":0}]', 0),
(41, 71, '[{"kind":"wall","info":{"x1":33,"x2":35,"y1":10,"y2":12}},{"kind":"stair","info":{"x":38.45,"y":9.95},"type":"up"}]', 0),
(21, 51, '[{"kind":"wall","info":{"x1":21,"x2":32,"y1":13,"y2":12}},{"kind":"label","info":{"x":33.35,"y":3.3},"text":"test chrome"},{"kind":"door","info":{"x":21.8,"y":13.95},"type":"exit","angle":0},{"kind":"door","info":{"x":31.55,"y":11},"type":"normal","angle":0},{"kind":"wall","info":{"x1":21,"x2":21,"y1":5,"y2":13}},{"kind":"wall","info":{"x1":21,"x2":37,"y1":5,"y2":5}},{"kind":"wall","info":{"x1":37,"x2":32,"y1":5,"y2":12}}]', 0),
(31, 61, '[{"kind":"wall","info":{"x1":33,"x2":18,"y1":3,"y2":10}},{"kind":"wall","info":{"x1":33,"x2":18,"y1":3,"y2":10}},{"kind":"wall","info":{"x1":33,"x2":18,"y1":3,"y2":10}},{"kind":"wall","info":{"x1":33,"x2":18,"y1":3,"y2":10}},{"kind":"wall","info":{"x1":33,"x2":18,"y1":3,"y2":10}},{"kind":"wall","info":{"x1":33,"x2":41,"y1":3,"y2":9}},{"kind":"label","info":{"x":25.770568561872892,"y":7.685618729096989},"text":"Radu"},{"kind":"label","info":{"x":25.770568561872892,"y":7.685618729096989},"text":"Radu"},{"kind":"label","info":{"x":25.770568561872892,"y":7.685618729096989},"text":"Radu"},{"kind":"label","info":{"x":25.770568561872892,"y":7.685618729096989},"text":"Radu"},{"kind":"label","info":{"x":25.770568561872892,"y":7.685618729096989},"text":"Radu"},{"kind":"label","info":{"x":25.770568561872892,"y":7.685618729096989},"text":"Radu"},{"kind":"label","info":{"x":25.770568561872892,"y":7.685618729096989},"text":"Radu"},{"kind":"label","info":{"x":25.770568561872892,"y":7.685618729096989},"text":"Radu"},{"kind":"label","info":{"x":25.770568561872892,"y":7.685618729096989},"text":"Radu"},{"kind":"stair","info":{"x":26.947826086956503,"y":8.354515050167223},"type":"up"},{"kind":"stair","info":{"x":26.947826086956503,"y":8.354515050167223},"type":"up"},{"kind":"stair","info":{"x":26.947826086956503,"y":8.354515050167223},"type":"up"},{"kind":"wall","info":{"x1":31,"x2":33,"y1":6,"y2":8}}]', 0),
(61, 91, '[]', 0),
(71, 101, '[{"kind":"wall","info":{"x1":23,"x2":38,"y1":5,"y2":5}},{"kind":"wall","info":{"x1":24,"x2":37,"y1":8,"y2":8}},{"kind":"wall","info":{"x1":24,"x2":17,"y1":8,"y2":11}},{"kind":"wall","info":{"x1":15,"x2":23,"y1":9,"y2":5}},{"kind":"wall","info":{"x1":15,"x2":13,"y1":9,"y2":16}},{"kind":"wall","info":{"x1":17,"x2":16,"y1":11,"y2":16}},{"kind":"wall","info":{"x1":16,"x2":17,"y1":16,"y2":21}},{"kind":"wall","info":{"x1":13,"x2":15,"y1":16,"y2":23}},{"kind":"wall","info":{"x1":37,"x2":44,"y1":8,"y2":11}},{"kind":"wall","info":{"x1":38,"x2":46,"y1":5,"y2":9}},{"kind":"wall","info":{"x1":44,"x2":46,"y1":11,"y2":16}},{"kind":"wall","info":{"x1":17,"x2":43,"y1":21,"y2":21}},{"kind":"wall","info":{"x1":49,"x2":45,"y1":16,"y2":23}},{"kind":"wall","info":{"x1":15,"x2":45,"y1":23,"y2":23}},{"kind":"wall","info":{"x1":46,"x2":43,"y1":16,"y2":21}},{"kind":"wall","info":{"x1":46,"x2":49,"y1":9,"y2":16}},{"kind":"stair","info":{"x":32.2,"y":22},"type":"down"},{"kind":"stair","info":{"x":32.2,"y":22},"type":"down"},{"kind":"wall","info":{"x1":24,"x2":27,"y1":8,"y2":12}},{"kind":"wall","info":{"x1":37,"x2":34,"y1":8,"y2":12}},{"kind":"stair","info":{"x":30.400000000000002,"y":11.75},"type":"down"},{"kind":"stair","info":{"x":30.85,"y":7.7},"type":"up"},{"kind":"door","info":{"x":31.2,"y":4.5},"type":"normal","angle":0},{"kind":"label","info":{"x":31.7,"y":16.4},"text":"Aula Magna"}]', 0),
(51, 81, '[{"kind":"door","info":{"x":26.75,"y":10.35},"type":"normal","angle":0},{"kind":"stair","info":{"x":27.2,"y":6.6499999999999995},"type":"up"},{"kind":"stair","info":{"x":27.2,"y":6.6499999999999995},"type":"up"},{"kind":"wall","info":{"x1":22,"x2":24,"y1":7,"y2":9}},{"kind":"door","info":{"x":26.75,"y":10.35},"type":"normal","angle":0},{"kind":"stair","info":{"x":27.2,"y":6.6499999999999995},"type":"up"}]', 0),
(101, 71, '[{"kind":"wall","info":{"x1":21,"x2":6,"y1":12,"y2":12}},{"kind":"wall","info":{"x1":27,"x2":27,"y1":1,"y2":10}},{"kind":"wall","info":{"x1":23,"x2":23,"y1":5,"y2":1}},{"kind":"wall","info":{"x1":26,"x2":27,"y1":5,"y2":5}},{"kind":"label","info":{"x":17.45,"y":2.899999999999999},"text":"104"},{"kind":"wall","info":{"x1":14,"x2":25,"y1":5,"y2":5}},{"kind":"door","info":{"x":25.468478260869567,"y":3.9554347826086937},"type":"normal","angle":0},{"kind":"stair","info":{"x":25.468478260869567,"y":1.9119565217391288},"type":"both"},{"kind":"door","info":{"x":15.088545150501668,"y":3.4101170568561896},"type":"normal","angle":0},{"kind":"label","info":{"x":13.381521739130436,"y":2.955434782608694},"text":"103"},{"kind":"wall","info":{"x1":7,"x2":13,"y1":5,"y2":5}},{"kind":"wall","info":{"x1":4,"x2":6,"y1":5,"y2":5}},{"kind":"label","info":{"x":8.58469899665552,"y":2.9562709030100316},"text":"102"},{"kind":"wall","info":{"x1":0,"x2":3,"y1":5,"y2":5}},{"kind":"wall","info":{"x1":0,"x2":0,"y1":2,"y2":5}},{"kind":"door","info":{"x":6.434698996655515,"y":4.871655518394651},"type":"normal","angle":0},{"kind":"door","info":{"x":13.434698996655515,"y":4.794732441471573},"type":"normal","angle":0},{"kind":"door","info":{"x":3.4731605351170534,"y":4.91011705685619},"type":"normal","angle":0},{"kind":"door","info":{"x":5.05008361204013,"y":3.217809364548497},"type":"normal","angle":0},{"kind":"door","info":{"x":11.934698996655515,"y":3.3716555183946513},"type":"normal","angle":0},{"kind":"door","info":{"x":15.088545150501668,"y":3.4101170568561896},"type":"normal","angle":0},{"kind":"door","info":{"x":20.050083612040126,"y":3.1408862876254204},"type":"normal","angle":0},{"kind":"door","info":{"x":0.011622073578590797,"y":1.333193979933113},"type":"normal","angle":0},{"kind":"label","info":{"x":7.396237458193975,"y":9.525501672240805},"text":"112"},{"kind":"label","info":{"x":2.0885451505016683,"y":2.8331939799331125},"text":"101"},{"kind":"label","info":{"x":-2.415504987890663,"y":2.2109329950409604},"text":"113"},{"kind":"wall","info":{"x1":3,"x2":7,"y1":7,"y2":7}},{"kind":"wall","info":{"x1":8,"x2":21,"y1":7,"y2":7}},{"kind":"wall","info":{"x1":6,"x2":6,"y1":7,"y2":12}},{"kind":"wall","info":{"x1":21,"x2":6,"y1":12,"y2":12}},{"kind":"wall","info":{"x1":-2,"x2":0,"y1":0,"y2":1}},{"kind":"door","info":{"x":7.5116220735785895,"y":7.10242474916388},"type":"normal","angle":0},{"kind":"door","info":{"x":9.127006688963204,"y":8.525501672240804},"type":"normal","angle":0},{"kind":"door","info":{"x":11.088545150501666,"y":8.448578595317727},"type":"normal","angle":0},{"kind":"door","info":{"x":12.973160535117051,"y":8.525501672240804},"type":"normal","angle":0},{"kind":"door","info":{"x":14.896237458193973,"y":8.448578595317727},"type":"normal","angle":0},{"kind":"door","info":{"x":16.896237458193973,"y":8.410117056856189},"type":"normal","angle":0},{"kind":"wall","info":{"x1":0,"x2":27,"y1":1,"y2":1}},{"kind":"wall","info":{"x1":-2,"x2":0,"y1":0,"y2":1}},{"kind":"wall","info":{"x1":-4,"x2":-2,"y1":1,"y2":0}},{"kind":"stair","info":{"x":3.701107859531753,"y":10.300334448160543},"type":"both"},{"kind":"wall","info":{"x1":4,"x2":6,"y1":7,"y2":9}},{"kind":"wall","info":{"x1":6,"x2":3,"y1":12,"y2":13}},{"kind":"wall","info":{"x1":-2,"x2":-3,"y1":7,"y2":15}},{"kind":"wall","info":{"x1":-4,"x2":-6,"y1":1,"y2":3}},{"kind":"wall","info":{"x1":-5,"x2":-4,"y1":4,"y2":5}},{"kind":"door","info":{"x":-5.377043449429124,"y":3.787856071964037},"type":"normal","angle":0},{"kind":"wall","info":{"x1":-4,"x2":-2,"y1":5,"y2":6}},{"kind":"wall","info":{"x1":0,"x2":-1,"y1":5,"y2":6}},{"kind":"door","info":{"x":-1.4539665263522012,"y":5.941702225810191},"type":"normal","angle":0},{"kind":"wall","info":{"x1":-2,"x2":-4,"y1":4,"y2":5}},{"kind":"wall","info":{"x1":0,"x2":-1,"y1":4,"y2":4}},{"kind":"door","info":{"x":-1.530889603275278,"y":3.8647791488871146},"type":"normal","angle":0},{"kind":"label","info":{"x":-2.415504987890663,"y":2.2109329950409604},"text":"113"},{"kind":"wall","info":{"x1":0,"x2":3,"y1":11,"y2":13}},{"kind":"wall","info":{"x1":0,"x2":2,"y1":9,"y2":12}},{"kind":"wall","info":{"x1":-6,"x2":-2,"y1":7,"y2":8}},{"kind":"door","info":{"x":-5.49242806481374,"y":11.98016376427173},"type":"normal","angle":0},{"kind":"door","info":{"x":-3.10781268019835,"y":15.518625302733268},"type":"normal","angle":0},{"kind":"wall","info":{"x1":-4,"x2":18,"y1":32,"y2":32}},{"kind":"wall","info":{"x1":18,"x2":18,"y1":22,"y2":32}},{"kind":"wall","info":{"x1":18,"x2":17,"y1":26,"y2":26}},{"kind":"stair","info":{"x":16.507571935186267,"y":23.09554837965633},"type":"both"},{"kind":"wall","info":{"x1":15,"x2":15,"y1":22,"y2":26}},{"kind":"wall","info":{"x1":15,"x2":15,"y1":30,"y2":32}},{"kind":"wall","info":{"x1":14,"x2":18,"y1":28,"y2":28}},{"kind":"door","info":{"x":13.546033473647807,"y":28.01862530273325},"type":"normal","angle":0},{"kind":"wall","info":{"x1":15,"x2":15,"y1":28,"y2":29}},{"kind":"wall","info":{"x1":14,"x2":15,"y1":30,"y2":30}},{"kind":"wall","info":{"x1":12,"x2":13,"y1":30,"y2":30}},{"kind":"wall","info":{"x1":12,"x2":12,"y1":28,"y2":29}},{"kind":"label","info":{"x":16.507571935186267,"y":29.826317610425562},"text":"121"},{"kind":"label","info":{"x":11.122956550570883,"y":30.480163764271715},"text":"121b"},{"kind":"wall","info":{"x1":10,"x2":10,"y1":30,"y2":32}},{"kind":"wall","info":{"x1":10,"x2":10,"y1":28,"y2":29}},{"kind":"label","info":{"x":6.353725781340113,"y":30.403240687348635},"text":"120"},{"kind":"wall","info":{"x1":1,"x2":1,"y1":28,"y2":32}},{"kind":"wall","info":{"x1":9,"x2":9,"y1":28,"y2":32}},{"kind":"wall","info":{"x1":12,"x2":12,"y1":30,"y2":32}},{"kind":"wall","info":{"x1":5,"x2":5,"y1":28,"y2":32}},{"kind":"wall","info":{"x1":8,"x2":13,"y1":28,"y2":28}},{"kind":"door","info":{"x":7.507571935186275,"y":27.941702225810168},"type":"normal","angle":0},{"kind":"wall","info":{"x1":4,"x2":7,"y1":28,"y2":28}},{"kind":"wall","info":{"x1":1,"x2":3,"y1":28,"y2":28}},{"kind":"label","info":{"x":-5.261658834044493,"y":14.903240687348646},"text":"116"},{"kind":"wall","info":{"x1":-7,"x2":-6,"y1":24,"y2":3}},{"kind":"wall","info":{"x1":-3,"x2":-3,"y1":16,"y2":23}},{"kind":"wall","info":{"x1":-7,"x2":-4,"y1":24,"y2":32}},{"kind":"door","info":{"x":-0.4924280648137227,"y":26.44170222581017},"type":"normal","angle":0},{"kind":"wall","info":{"x1":-3,"x2":-7,"y1":23,"y2":23}},{"kind":"wall","info":{"x1":-5,"x2":-3,"y1":12,"y2":12}},{"kind":"wall","info":{"x1":-5,"x2":-3,"y1":18,"y2":18}},{"kind":"wall","info":{"x1":-7,"x2":-6,"y1":18,"y2":18}},{"kind":"door","info":{"x":-5.4962742186598526,"y":18.145548379656336},"type":"normal","angle":0},{"kind":"label","info":{"x":13.272956550570905,"y":23.991702225810165},"text":"122a"},{"kind":"wall","info":{"x1":11,"x2":16,"y1":26,"y2":26}},{"kind":"wall","info":{"x1":12,"x2":12,"y1":22,"y2":24}},{"kind":"wall","info":{"x1":11,"x2":12,"y1":24,"y2":24}},{"kind":"wall","info":{"x1":12,"x2":12,"y1":25,"y2":26}},{"kind":"wall","info":{"x1":9,"x2":9,"y1":24,"y2":22}},{"kind":"wall","info":{"x1":9,"x2":10,"y1":24,"y2":24}},{"kind":"wall","info":{"x1":9,"x2":9,"y1":25,"y2":26}},{"kind":"door","info":{"x":10.388341165955522,"y":25.837856071964012},"type":"normal","angle":0},{"kind":"label","info":{"x":7.88834116595552,"y":23.876317610425552},"text":"122"},{"kind":"wall","info":{"x1":6,"x2":6,"y1":22,"y2":26}},{"kind":"wall","info":{"x1":6,"x2":10,"y1":26,"y2":26}},{"kind":"label","info":{"x":-2.3808896032752482,"y":29.260932995040925},"text":"amfiteatrul stoilow"},{"kind":"wall","info":{"x1":3,"x2":3,"y1":13,"y2":18}},{"kind":"wall","info":{"x1":1,"x2":3,"y1":14,"y2":14}},{"kind":"wall","info":{"x1":1,"x2":3,"y1":17,"y2":17}},{"kind":"wall","info":{"x1":1,"x2":1,"y1":14,"y2":15}},{"kind":"wall","info":{"x1":3,"x2":6,"y1":24,"y2":26}},{"kind":"wall","info":{"x1":3,"x2":6,"y1":18,"y2":22}},{"kind":"wall","info":{"x1":6,"x2":18,"y1":22,"y2":22}},{"kind":"wall","info":{"x1":2,"x2":4,"y1":20,"y2":19}},{"kind":"wall","info":{"x1":4,"x2":6,"y1":23,"y2":22}},{"kind":"door","info":{"x":2.272956550570905,"y":23.453240687348618},"type":"normal","angle":0},{"kind":"door","info":{"x":-0.11165883404447996,"y":15.337856071964001},"type":"normal","angle":0},{"kind":"wall","info":{"x1":1,"x2":1,"y1":16,"y2":17}},{"kind":"label","info":{"x":0.579275231889584,"y":15.419449478557407},"text":"125"},{"kind":"wall","info":{"x1":0,"x2":0,"y1":16,"y2":21}},{"kind":"wall","info":{"x1":-3,"x2":-1,"y1":23,"y2":26}},{"kind":"wall","info":{"x1":0,"x2":1,"y1":27,"y2":28}},{"kind":"wall","info":{"x1":3,"x2":6,"y1":24,"y2":26}},{"kind":"wall","info":{"x1":0,"x2":2,"y1":21,"y2":23}},{"kind":"wall","info":{"x1":9,"x2":9,"y1":9,"y2":12}},{"kind":"wall","info":{"x1":11,"x2":11,"y1":9,"y2":12}},{"kind":"wall","info":{"x1":13,"x2":13,"y1":9,"y2":12}},{"kind":"wall","info":{"x1":15,"x2":15,"y1":9,"y2":12}},{"kind":"wall","info":{"x1":15,"x2":15,"y1":7,"y2":8}},{"kind":"wall","info":{"x1":13,"x2":13,"y1":7,"y2":8}},{"kind":"wall","info":{"x1":11,"x2":11,"y1":7,"y2":8}},{"kind":"wall","info":{"x1":9,"x2":9,"y1":7,"y2":8}},{"kind":"wall","info":{"x1":17,"x2":17,"y1":7,"y2":8}},{"kind":"wall","info":{"x1":17,"x2":17,"y1":9,"y2":12}},{"kind":"wall","info":{"x1":15,"x2":15,"y1":3,"y2":1}},{"kind":"wall","info":{"x1":15,"x2":15,"y1":4,"y2":5}},{"kind":"wall","info":{"x1":12,"x2":12,"y1":4,"y2":5}},{"kind":"wall","info":{"x1":12,"x2":12,"y1":1,"y2":3}},{"kind":"wall","info":{"x1":5,"x2":5,"y1":1,"y2":3}},{"kind":"wall","info":{"x1":5,"x2":5,"y1":4,"y2":5}},{"kind":"wall","info":{"x1":20,"x2":20,"y1":4,"y2":5}},{"kind":"wall","info":{"x1":20,"x2":20,"y1":1,"y2":3}},{"kind":"wall","info":{"x1":0,"x2":0,"y1":9,"y2":15}},{"kind":"wall","info":{"x1":21,"x2":27,"y1":10,"y2":10}},{"kind":"wall","info":{"x1":21,"x2":21,"y1":7,"y2":12}}]', 1),
(81, 111, '[{"kind":"wall","info":{"x1":18,"x2":36,"y1":14,"y2":14}},{"kind":"door","info":{"x":27.55,"y":13.3},"type":"exit","angle":0},{"kind":"wall","info":{"x1":18,"x2":21,"y1":7,"y2":7}},{"kind":"wall","info":{"x1":21,"x2":21,"y1":7,"y2":14}},{"kind":"wall","info":{"x1":21,"x2":21,"y1":7,"y2":14}},{"kind":"door","info":{"x":21.15,"y":10},"type":"normal","angle":0},{"kind":"wall","info":{"x1":18,"x2":18,"y1":4,"y2":14}},{"kind":"wall","info":{"x1":18,"x2":36,"y1":4,"y2":4}},{"kind":"stair","info":{"x":24.3,"y":11.7},"type":"up"}]', 0),
(91, 101, '[]', 1),
(102, 112, '[{"kind":"door","info":{"x":35.32647058823529,"y":5.349999999999998},"type":"normal","angle":0},{"kind":"stair","info":{"x":47.06048593350383,"y":3.6517902813299212},"type":"both"},{"kind":"label","info":{"x":34.23439897698209,"y":0.3039641943733997},"text":"tata"},{"kind":"label","info":{"x":39.14744245524296,"y":-0.21777493606138254},"text":"usa iesire"},{"kind":"door","info":{"x":38.32135549872122,"y":2.217007672634269},"type":"normal","angle":0},{"kind":"stair","info":{"x":42.1039641943734,"y":1.7822250639386175},"type":"down"},{"kind":"wall","info":{"x1":29,"x2":44,"y1":2,"y2":9}},{"kind":"wall","info":{"x1":29,"x2":33,"y1":2,"y2":12}},{"kind":"door","info":{"x":36.449999999999996,"y":13.150000000000006},"type":"exit","angle":0}]', 0);

-- --------------------------------------------------------

--
-- Table structure for table `sessions`
--

CREATE TABLE IF NOT EXISTS `sessions` (
  `id` int(11) NOT NULL AUTO_INCREMENT,
  `active` tinyint(1) NOT NULL DEFAULT '1',
  `start_time` timestamp NOT NULL DEFAULT CURRENT_TIMESTAMP,
  `end_time` timestamp NOT NULL DEFAULT '0000-00-00 00:00:00',
  `building_id` int(11) NOT NULL,
  `user_id` int(11) NOT NULL,
  PRIMARY KEY (`id`),
  KEY `location_id` (`building_id`),
  KEY `building_id` (`building_id`)
) ENGINE=MyISAM  DEFAULT CHARSET=latin1 AUTO_INCREMENT=316 ;

--
-- Dumping data for table `sessions`
--

INSERT INTO `sessions` (`id`, `active`, `start_time`, `end_time`, `building_id`, `user_id`) VALUES
(11, 0, '2014-05-31 13:50:09', '2014-05-31 16:51:58', 41, 31),
(21, 0, '2014-05-31 13:52:15', '2014-05-31 16:53:04', 41, 31),
(91, 0, '2014-05-31 18:48:59', '2014-05-31 21:50:43', 71, 21),
(41, 0, '2014-05-31 18:08:46', '2014-05-31 21:10:00', 51, 41),
(81, 0, '2014-05-31 18:29:25', '2014-05-31 21:29:59', 41, 21),
(61, 0, '2014-05-31 18:13:40', '2014-05-31 21:13:42', 61, 61),
(71, 0, '2014-05-31 18:13:43', '2014-05-31 21:16:34', 61, 61),
(101, 0, '2014-05-31 18:52:01', '2014-05-31 21:54:20', 71, 41),
(111, 0, '2014-06-01 09:52:29', '2014-06-01 12:53:26', 81, 71),
(121, 0, '2014-06-01 18:09:46', '2014-06-01 21:09:53', 71, 21),
(131, 0, '2014-06-01 18:16:06', '2014-06-01 21:19:28', 71, 21),
(141, 0, '2014-06-09 00:28:58', '2014-06-09 03:37:33', 91, 21),
(151, 0, '2014-06-09 09:23:31', '2014-06-09 12:29:14', 101, 21),
(161, 0, '2014-06-09 09:32:00', '2014-06-09 12:34:56', 101, 21),
(171, 0, '2014-06-09 14:31:08', '2014-06-09 17:31:44', 71, 21),
(181, 0, '2014-06-09 14:32:54', '2014-06-09 17:34:17', 111, 21),
(191, 0, '2014-06-09 14:36:16', '2014-06-10 00:24:56', 101, 41),
(201, 0, '2014-06-09 21:25:39', '2014-06-10 00:26:34', 101, 21),
(211, 0, '2014-06-09 21:26:38', '2014-06-10 00:29:56', 101, 21),
(221, 0, '2014-06-10 00:32:42', '2014-06-10 16:24:47', 101, 21),
(231, 0, '2014-06-10 13:32:14', '2014-06-10 16:35:28', 101, 21),
(241, 0, '2014-06-10 13:35:35', '2014-06-10 17:01:18', 101, 21),
(251, 0, '2014-06-10 22:42:56', '2014-06-11 02:48:44', 71, 21),
(261, 0, '2014-06-10 23:54:26', '2014-06-11 02:54:45', 71, 21),
(271, 0, '2014-06-13 06:27:58', '2014-06-13 09:28:19', 71, 21),
(281, 0, '2014-06-25 17:20:31', '2014-06-25 20:21:20', 71, 21),
(301, 0, '2014-06-25 18:10:06', '2014-06-25 21:10:34', 71, 41),
(311, 1, '2014-06-25 18:11:10', '0000-00-00 00:00:00', 71, 41),
(312, 0, '2015-01-16 16:25:46', '2015-01-16 16:27:30', 112, 21),
(313, 0, '2015-01-16 16:29:07', '2015-01-16 16:29:40', 112, 21),
(314, 0, '2015-01-16 16:38:27', '2015-01-16 16:39:40', 112, 72),
(315, 1, '2015-01-16 16:43:35', '0000-00-00 00:00:00', 101, 21);

-- --------------------------------------------------------

--
-- Table structure for table `session_floors`
--

CREATE TABLE IF NOT EXISTS `session_floors` (
  `id` int(11) NOT NULL AUTO_INCREMENT,
  `session_id` int(11) NOT NULL,
  `floor_json` text NOT NULL,
  `floor_number` int(11) NOT NULL,
  `building_id` int(11) NOT NULL,
  PRIMARY KEY (`id`),
  KEY `building_id` (`building_id`),
  KEY `session_id` (`session_id`)
) ENGINE=MyISAM  DEFAULT CHARSET=latin1 AUTO_INCREMENT=346 ;

--
-- Dumping data for table `session_floors`
--

INSERT INTO `session_floors` (`id`, `session_id`, `floor_json`, `floor_number`, `building_id`) VALUES
(11, 11, '[{"kind":"wall","info":{"x1":27,"x2":40,"y1":7,"y2":7}},{"kind":"wall","info":{"x1":27,"x2":40,"y1":7,"y2":7}},{"kind":"wall","info":{"x1":27,"x2":40,"y1":16,"y2":16}},{"kind":"wall","info":{"x1":40,"x2":40,"y1":7,"y2":16}},{"kind":"wall","info":{"x1":27,"x2":27,"y1":7,"y2":16}},{"kind":"door","info":{"x":56.5,"y":19.9},"type":"normal","angle":0},{"kind":"door","info":{"x":56.5,"y":19.9},"type":"normal","angle":0},{"kind":"door","info":{"x":56.5,"y":19.9},"type":"normal","angle":0},{"kind":"door","info":{"x":56.5,"y":19.9},"type":"normal","angle":0}]', 0, 41),
(21, 21, '[{"kind":"wall","info":{"x1":27,"x2":40,"y1":7,"y2":7}},{"kind":"wall","info":{"x1":27,"x2":40,"y1":7,"y2":7}},{"kind":"wall","info":{"x1":27,"x2":27,"y1":7,"y2":16}},{"kind":"door","info":{"x":56.5,"y":19.9},"type":"normal","angle":0},{"kind":"door","info":{"x":56.5,"y":19.9},"type":"normal","angle":0},{"kind":"door","info":{"x":56.5,"y":19.9},"type":"normal","angle":0},{"kind":"door","info":{"x":56.5,"y":19.9},"type":"normal","angle":0},{"kind":"label","info":{"x":42.4,"y":6.05},"text":"alexandra"},{"kind":"label","info":{"x":42.4,"y":6.05},"text":"alexandra"}]', 0, 41),
(91, 91, '[{"kind":"wall","info":{"x1":17,"x2":19,"y1":19,"y2":22}},{"kind":"wall","info":{"x1":17,"x2":17,"y1":4,"y2":19}},{"kind":"door","info":{"x":17.95,"y":20.35},"type":"exit","angle":0},{"kind":"wall","info":{"x1":19,"x2":46,"y1":22,"y2":22}},{"kind":"stair","info":{"x":21.1,"y":16.6},"type":"up"}]', 0, 71),
(81, 81, '[{"kind":"wall","info":{"x1":27,"x2":40,"y1":7,"y2":7}},{"kind":"wall","info":{"x1":27,"x2":40,"y1":7,"y2":7}},{"kind":"wall","info":{"x1":27,"x2":27,"y1":7,"y2":16}},{"kind":"wall","info":{"x1":40,"x2":40,"y1":7,"y2":16}},{"kind":"wall","info":{"x1":27,"x2":40,"y1":16,"y2":16}},{"kind":"stair","info":{"x":33.1,"y":16.7},"type":"up"},{"kind":"door","info":{"x":34.15,"y":14.95},"type":"normal","angle":0}]', 0, 41),
(51, 41, '[{"kind":"wall","info":{"x1":21,"x2":32,"y1":13,"y2":12}},{"kind":"label","info":{"x":33.35,"y":3.3},"text":"test chrome"},{"kind":"door","info":{"x":21.8,"y":13.95},"type":"exit","angle":0},{"kind":"door","info":{"x":31.55,"y":11},"type":"normal","angle":0},{"kind":"wall","info":{"x1":21,"x2":21,"y1":5,"y2":13}},{"kind":"wall","info":{"x1":21,"x2":37,"y1":5,"y2":5}},{"kind":"wall","info":{"x1":37,"x2":32,"y1":5,"y2":12}}]', 0, 51),
(61, 61, '[]', 0, 61),
(71, 71, '[{"kind":"wall","info":{"x1":33,"x2":18,"y1":3,"y2":10}},{"kind":"wall","info":{"x1":33,"x2":18,"y1":3,"y2":10}},{"kind":"wall","info":{"x1":33,"x2":18,"y1":3,"y2":10}},{"kind":"wall","info":{"x1":33,"x2":18,"y1":3,"y2":10}},{"kind":"wall","info":{"x1":33,"x2":18,"y1":3,"y2":10}},{"kind":"wall","info":{"x1":33,"x2":41,"y1":3,"y2":9}},{"kind":"label","info":{"x":25.770568561872892,"y":7.685618729096989},"text":"Radu"},{"kind":"label","info":{"x":25.770568561872892,"y":7.685618729096989},"text":"Radu"},{"kind":"label","info":{"x":25.770568561872892,"y":7.685618729096989},"text":"Radu"},{"kind":"label","info":{"x":25.770568561872892,"y":7.685618729096989},"text":"Radu"},{"kind":"label","info":{"x":25.770568561872892,"y":7.685618729096989},"text":"Radu"},{"kind":"label","info":{"x":25.770568561872892,"y":7.685618729096989},"text":"Radu"},{"kind":"label","info":{"x":25.770568561872892,"y":7.685618729096989},"text":"Radu"},{"kind":"label","info":{"x":25.770568561872892,"y":7.685618729096989},"text":"Radu"},{"kind":"label","info":{"x":25.770568561872892,"y":7.685618729096989},"text":"Radu"},{"kind":"stair","info":{"x":26.947826086956503,"y":8.354515050167223},"type":"up"},{"kind":"stair","info":{"x":26.947826086956503,"y":8.354515050167223},"type":"up"},{"kind":"stair","info":{"x":26.947826086956503,"y":8.354515050167223},"type":"up"},{"kind":"wall","info":{"x1":31,"x2":33,"y1":6,"y2":8}}]', 0, 61),
(101, 101, '[{"kind":"wall","info":{"x1":17,"x2":19,"y1":19,"y2":22}},{"kind":"wall","info":{"x1":17,"x2":17,"y1":4,"y2":19}},{"kind":"door","info":{"x":17.95,"y":20.35},"type":"exit","angle":0},{"kind":"wall","info":{"x1":19,"x2":46,"y1":22,"y2":22}},{"kind":"wall","info":{"x1":20,"x2":17,"y1":16,"y2":17}},{"kind":"wall","info":{"x1":20,"x2":23,"y1":16,"y2":14}},{"kind":"wall","info":{"x1":24,"x2":23,"y1":15,"y2":18}},{"kind":"wall","info":{"x1":23,"x2":23,"y1":18,"y2":22}},{"kind":"stair","info":{"x":21.75,"y":15.95},"type":"up"},{"kind":"door","info":{"x":23.55,"y":14.15},"type":"normal","angle":0}]', 0, 71),
(111, 111, '[{"kind":"door","info":{"x":26.75,"y":10.35},"type":"normal","angle":0},{"kind":"stair","info":{"x":27.2,"y":6.6499999999999995},"type":"up"},{"kind":"stair","info":{"x":27.2,"y":6.6499999999999995},"type":"up"},{"kind":"wall","info":{"x1":22,"x2":24,"y1":7,"y2":9}},{"kind":"door","info":{"x":26.75,"y":10.35},"type":"normal","angle":0},{"kind":"stair","info":{"x":27.2,"y":6.6499999999999995},"type":"up"}]', 0, 81),
(121, 121, '[]', 0, 71),
(131, 131, '[]', 0, 71),
(141, 141, '[]', 0, 91),
(151, 151, '[{"kind":"wall","info":{"x1":23,"x2":38,"y1":5,"y2":5}},{"kind":"wall","info":{"x1":24,"x2":37,"y1":8,"y2":8}},{"kind":"wall","info":{"x1":24,"x2":17,"y1":8,"y2":11}},{"kind":"wall","info":{"x1":15,"x2":23,"y1":9,"y2":5}},{"kind":"wall","info":{"x1":15,"x2":13,"y1":9,"y2":16}},{"kind":"wall","info":{"x1":17,"x2":16,"y1":11,"y2":16}},{"kind":"wall","info":{"x1":16,"x2":17,"y1":16,"y2":21}},{"kind":"wall","info":{"x1":13,"x2":15,"y1":16,"y2":23}},{"kind":"wall","info":{"x1":37,"x2":44,"y1":8,"y2":11}},{"kind":"wall","info":{"x1":38,"x2":46,"y1":5,"y2":9}},{"kind":"wall","info":{"x1":44,"x2":46,"y1":11,"y2":16}},{"kind":"wall","info":{"x1":17,"x2":43,"y1":21,"y2":21}},{"kind":"wall","info":{"x1":49,"x2":45,"y1":16,"y2":23}},{"kind":"wall","info":{"x1":15,"x2":45,"y1":23,"y2":23}},{"kind":"wall","info":{"x1":46,"x2":43,"y1":16,"y2":21}},{"kind":"wall","info":{"x1":46,"x2":49,"y1":9,"y2":16}}]', 0, 101),
(161, 161, '[{"kind":"wall","info":{"x1":23,"x2":38,"y1":5,"y2":5}},{"kind":"wall","info":{"x1":24,"x2":37,"y1":8,"y2":8}},{"kind":"wall","info":{"x1":24,"x2":17,"y1":8,"y2":11}},{"kind":"wall","info":{"x1":15,"x2":23,"y1":9,"y2":5}},{"kind":"wall","info":{"x1":15,"x2":13,"y1":9,"y2":16}},{"kind":"wall","info":{"x1":17,"x2":16,"y1":11,"y2":16}},{"kind":"wall","info":{"x1":16,"x2":17,"y1":16,"y2":21}},{"kind":"wall","info":{"x1":13,"x2":15,"y1":16,"y2":23}},{"kind":"wall","info":{"x1":37,"x2":44,"y1":8,"y2":11}},{"kind":"wall","info":{"x1":38,"x2":46,"y1":5,"y2":9}},{"kind":"wall","info":{"x1":44,"x2":46,"y1":11,"y2":16}},{"kind":"wall","info":{"x1":17,"x2":43,"y1":21,"y2":21}},{"kind":"wall","info":{"x1":49,"x2":45,"y1":16,"y2":23}},{"kind":"wall","info":{"x1":15,"x2":45,"y1":23,"y2":23}},{"kind":"wall","info":{"x1":46,"x2":43,"y1":16,"y2":21}},{"kind":"wall","info":{"x1":46,"x2":49,"y1":9,"y2":16}},{"kind":"stair","info":{"x":31.85,"y":7.050000000000001},"type":"up"},{"kind":"stair","info":{"x":32.2,"y":22},"type":"down"},{"kind":"stair","info":{"x":32.2,"y":22},"type":"down"}]', 0, 101),
(171, 171, '[{"kind":"wall","info":{"x1":10,"x2":17,"y1":8,"y2":5}},{"kind":"wall","info":{"x1":10,"x2":14,"y1":8,"y2":13}},{"kind":"wall","info":{"x1":14,"x2":29,"y1":13,"y2":13}},{"kind":"wall","info":{"x1":17,"x2":35,"y1":5,"y2":5}},{"kind":"wall","info":{"x1":35,"x2":37,"y1":5,"y2":7}}]', 0, 71),
(181, 181, '[{"kind":"wall","info":{"x1":18,"x2":36,"y1":14,"y2":14}},{"kind":"door","info":{"x":27.55,"y":13.3},"type":"exit","angle":0},{"kind":"wall","info":{"x1":18,"x2":21,"y1":7,"y2":7}},{"kind":"wall","info":{"x1":21,"x2":21,"y1":7,"y2":14}},{"kind":"wall","info":{"x1":21,"x2":21,"y1":7,"y2":14}},{"kind":"door","info":{"x":21.15,"y":10},"type":"normal","angle":0},{"kind":"wall","info":{"x1":18,"x2":18,"y1":4,"y2":14}},{"kind":"wall","info":{"x1":18,"x2":36,"y1":4,"y2":4}},{"kind":"stair","info":{"x":24.3,"y":11.7},"type":"up"}]', 0, 111),
(191, 191, '[{"kind":"wall","info":{"x1":23,"x2":38,"y1":5,"y2":5}},{"kind":"wall","info":{"x1":24,"x2":37,"y1":8,"y2":8}},{"kind":"wall","info":{"x1":24,"x2":17,"y1":8,"y2":11}},{"kind":"wall","info":{"x1":15,"x2":23,"y1":9,"y2":5}},{"kind":"wall","info":{"x1":15,"x2":13,"y1":9,"y2":16}},{"kind":"wall","info":{"x1":17,"x2":16,"y1":11,"y2":16}},{"kind":"wall","info":{"x1":16,"x2":17,"y1":16,"y2":21}},{"kind":"wall","info":{"x1":13,"x2":15,"y1":16,"y2":23}},{"kind":"wall","info":{"x1":37,"x2":44,"y1":8,"y2":11}},{"kind":"wall","info":{"x1":38,"x2":46,"y1":5,"y2":9}},{"kind":"wall","info":{"x1":44,"x2":46,"y1":11,"y2":16}},{"kind":"wall","info":{"x1":17,"x2":43,"y1":21,"y2":21}},{"kind":"wall","info":{"x1":49,"x2":45,"y1":16,"y2":23}},{"kind":"wall","info":{"x1":15,"x2":45,"y1":23,"y2":23}},{"kind":"wall","info":{"x1":46,"x2":43,"y1":16,"y2":21}},{"kind":"wall","info":{"x1":46,"x2":49,"y1":9,"y2":16}},{"kind":"stair","info":{"x":31.85,"y":7.050000000000001},"type":"up"},{"kind":"stair","info":{"x":32.2,"y":22},"type":"down"},{"kind":"stair","info":{"x":32.2,"y":22},"type":"down"},{"kind":"wall","info":{"x1":24,"x2":27,"y1":8,"y2":12}},{"kind":"wall","info":{"x1":37,"x2":34,"y1":8,"y2":12}},{"kind":"door","info":{"x":30.75,"y":4.8500000000000005},"type":"normal","angle":0},{"kind":"door","info":{"x":30.75,"y":4.8500000000000005},"type":"normal","angle":0},{"kind":"stair","info":{"x":30.400000000000002,"y":11.75},"type":"down"}]', 0, 101),
(201, 201, '[{"kind":"wall","info":{"x1":23,"x2":38,"y1":5,"y2":5}},{"kind":"wall","info":{"x1":24,"x2":37,"y1":8,"y2":8}},{"kind":"wall","info":{"x1":24,"x2":17,"y1":8,"y2":11}},{"kind":"wall","info":{"x1":15,"x2":23,"y1":9,"y2":5}},{"kind":"wall","info":{"x1":15,"x2":13,"y1":9,"y2":16}},{"kind":"wall","info":{"x1":17,"x2":16,"y1":11,"y2":16}},{"kind":"wall","info":{"x1":16,"x2":17,"y1":16,"y2":21}},{"kind":"wall","info":{"x1":13,"x2":15,"y1":16,"y2":23}},{"kind":"wall","info":{"x1":37,"x2":44,"y1":8,"y2":11}},{"kind":"wall","info":{"x1":38,"x2":46,"y1":5,"y2":9}},{"kind":"wall","info":{"x1":44,"x2":46,"y1":11,"y2":16}},{"kind":"wall","info":{"x1":17,"x2":43,"y1":21,"y2":21}},{"kind":"wall","info":{"x1":49,"x2":45,"y1":16,"y2":23}},{"kind":"wall","info":{"x1":15,"x2":45,"y1":23,"y2":23}},{"kind":"wall","info":{"x1":46,"x2":43,"y1":16,"y2":21}},{"kind":"wall","info":{"x1":46,"x2":49,"y1":9,"y2":16}},{"kind":"stair","info":{"x":32.2,"y":22},"type":"down"},{"kind":"stair","info":{"x":32.2,"y":22},"type":"down"},{"kind":"wall","info":{"x1":24,"x2":27,"y1":8,"y2":12}},{"kind":"wall","info":{"x1":37,"x2":34,"y1":8,"y2":12}},{"kind":"stair","info":{"x":30.400000000000002,"y":11.75},"type":"down"},{"kind":"stair","info":{"x":30.85,"y":7.7},"type":"up"},{"kind":"door","info":{"x":31.2,"y":4.5},"type":"normal","angle":0}]', 0, 101),
(211, 211, '[{"kind":"wall","info":{"x1":23,"x2":38,"y1":5,"y2":5}},{"kind":"wall","info":{"x1":24,"x2":37,"y1":8,"y2":8}},{"kind":"wall","info":{"x1":24,"x2":17,"y1":8,"y2":11}},{"kind":"wall","info":{"x1":15,"x2":23,"y1":9,"y2":5}},{"kind":"wall","info":{"x1":15,"x2":13,"y1":9,"y2":16}},{"kind":"wall","info":{"x1":17,"x2":16,"y1":11,"y2":16}},{"kind":"wall","info":{"x1":16,"x2":17,"y1":16,"y2":21}},{"kind":"wall","info":{"x1":13,"x2":15,"y1":16,"y2":23}},{"kind":"wall","info":{"x1":37,"x2":44,"y1":8,"y2":11}},{"kind":"wall","info":{"x1":38,"x2":46,"y1":5,"y2":9}},{"kind":"wall","info":{"x1":44,"x2":46,"y1":11,"y2":16}},{"kind":"wall","info":{"x1":17,"x2":43,"y1":21,"y2":21}},{"kind":"wall","info":{"x1":49,"x2":45,"y1":16,"y2":23}},{"kind":"wall","info":{"x1":15,"x2":45,"y1":23,"y2":23}},{"kind":"wall","info":{"x1":46,"x2":43,"y1":16,"y2":21}},{"kind":"wall","info":{"x1":46,"x2":49,"y1":9,"y2":16}},{"kind":"stair","info":{"x":32.2,"y":22},"type":"down"},{"kind":"stair","info":{"x":32.2,"y":22},"type":"down"},{"kind":"wall","info":{"x1":24,"x2":27,"y1":8,"y2":12}},{"kind":"wall","info":{"x1":37,"x2":34,"y1":8,"y2":12}},{"kind":"stair","info":{"x":30.400000000000002,"y":11.75},"type":"down"},{"kind":"stair","info":{"x":30.85,"y":7.7},"type":"up"},{"kind":"door","info":{"x":31.2,"y":4.5},"type":"normal","angle":0}]', 0, 101),
(221, 211, '[]', 1, 101),
(231, 221, '[]', 0, 101),
(241, 221, '[]', 1, 101),
(251, 231, '[{"kind":"wall","info":{"x1":23,"x2":38,"y1":5,"y2":5}},{"kind":"wall","info":{"x1":24,"x2":37,"y1":8,"y2":8}},{"kind":"wall","info":{"x1":24,"x2":17,"y1":8,"y2":11}},{"kind":"wall","info":{"x1":15,"x2":23,"y1":9,"y2":5}},{"kind":"wall","info":{"x1":15,"x2":13,"y1":9,"y2":16}},{"kind":"wall","info":{"x1":17,"x2":16,"y1":11,"y2":16}},{"kind":"wall","info":{"x1":16,"x2":17,"y1":16,"y2":21}},{"kind":"wall","info":{"x1":13,"x2":15,"y1":16,"y2":23}},{"kind":"wall","info":{"x1":37,"x2":44,"y1":8,"y2":11}},{"kind":"wall","info":{"x1":38,"x2":46,"y1":5,"y2":9}},{"kind":"wall","info":{"x1":44,"x2":46,"y1":11,"y2":16}},{"kind":"wall","info":{"x1":17,"x2":43,"y1":21,"y2":21}},{"kind":"wall","info":{"x1":49,"x2":45,"y1":16,"y2":23}},{"kind":"wall","info":{"x1":15,"x2":45,"y1":23,"y2":23}},{"kind":"wall","info":{"x1":46,"x2":43,"y1":16,"y2":21}},{"kind":"wall","info":{"x1":46,"x2":49,"y1":9,"y2":16}},{"kind":"stair","info":{"x":32.2,"y":22},"type":"down"},{"kind":"stair","info":{"x":32.2,"y":22},"type":"down"},{"kind":"wall","info":{"x1":24,"x2":27,"y1":8,"y2":12}},{"kind":"wall","info":{"x1":37,"x2":34,"y1":8,"y2":12}},{"kind":"stair","info":{"x":30.400000000000002,"y":11.75},"type":"down"},{"kind":"stair","info":{"x":30.85,"y":7.7},"type":"up"},{"kind":"door","info":{"x":31.2,"y":4.5},"type":"normal","angle":0},{"kind":"label","info":{"x":31.7,"y":16.4},"text":"Aula Magna"}]', 0, 101),
(261, 241, '[{"kind":"wall","info":{"x1":23,"x2":38,"y1":5,"y2":5}},{"kind":"wall","info":{"x1":24,"x2":37,"y1":8,"y2":8}},{"kind":"wall","info":{"x1":24,"x2":17,"y1":8,"y2":11}},{"kind":"wall","info":{"x1":15,"x2":23,"y1":9,"y2":5}},{"kind":"wall","info":{"x1":15,"x2":13,"y1":9,"y2":16}},{"kind":"wall","info":{"x1":17,"x2":16,"y1":11,"y2":16}},{"kind":"wall","info":{"x1":16,"x2":17,"y1":16,"y2":21}},{"kind":"wall","info":{"x1":13,"x2":15,"y1":16,"y2":23}},{"kind":"wall","info":{"x1":37,"x2":44,"y1":8,"y2":11}},{"kind":"wall","info":{"x1":38,"x2":46,"y1":5,"y2":9}},{"kind":"wall","info":{"x1":44,"x2":46,"y1":11,"y2":16}},{"kind":"wall","info":{"x1":17,"x2":43,"y1":21,"y2":21}},{"kind":"wall","info":{"x1":49,"x2":45,"y1":16,"y2":23}},{"kind":"wall","info":{"x1":15,"x2":45,"y1":23,"y2":23}},{"kind":"wall","info":{"x1":46,"x2":43,"y1":16,"y2":21}},{"kind":"wall","info":{"x1":46,"x2":49,"y1":9,"y2":16}},{"kind":"stair","info":{"x":32.2,"y":22},"type":"down"},{"kind":"stair","info":{"x":32.2,"y":22},"type":"down"},{"kind":"wall","info":{"x1":24,"x2":27,"y1":8,"y2":12}},{"kind":"wall","info":{"x1":37,"x2":34,"y1":8,"y2":12}},{"kind":"stair","info":{"x":30.400000000000002,"y":11.75},"type":"down"},{"kind":"stair","info":{"x":30.85,"y":7.7},"type":"up"},{"kind":"door","info":{"x":31.2,"y":4.5},"type":"normal","angle":0},{"kind":"label","info":{"x":31.7,"y":16.4},"text":"Aula Magna"}]', 0, 101),
(271, 251, '[]', 0, 71),
(281, 251, '[{"kind":"wall","info":{"x1":21,"x2":6,"y1":12,"y2":12}},{"kind":"wall","info":{"x1":27,"x2":27,"y1":1,"y2":10}},{"kind":"wall","info":{"x1":23,"x2":23,"y1":5,"y2":1}},{"kind":"wall","info":{"x1":21,"x2":27,"y1":10,"y2":10}},{"kind":"wall","info":{"x1":26,"x2":27,"y1":5,"y2":5}},{"kind":"label","info":{"x":17.45,"y":2.899999999999999},"text":"104"},{"kind":"wall","info":{"x1":21,"x2":21,"y1":7,"y2":12}},{"kind":"wall","info":{"x1":14,"x2":25,"y1":5,"y2":5}},{"kind":"door","info":{"x":25.468478260869567,"y":3.9554347826086937},"type":"normal","angle":0},{"kind":"stair","info":{"x":25.468478260869567,"y":1.9119565217391288},"type":"both"},{"kind":"door","info":{"x":15.088545150501668,"y":3.4101170568561896},"type":"normal","angle":0},{"kind":"label","info":{"x":13.381521739130436,"y":2.955434782608694},"text":"103"},{"kind":"wall","info":{"x1":7,"x2":13,"y1":5,"y2":5}},{"kind":"wall","info":{"x1":4,"x2":6,"y1":5,"y2":5}},{"kind":"label","info":{"x":8.58469899665552,"y":2.9562709030100316},"text":"102"},{"kind":"wall","info":{"x1":0,"x2":3,"y1":5,"y2":5}},{"kind":"wall","info":{"x1":0,"x2":0,"y1":2,"y2":5}},{"kind":"door","info":{"x":6.434698996655515,"y":4.871655518394651},"type":"normal","angle":0},{"kind":"door","info":{"x":13.434698996655515,"y":4.794732441471573},"type":"normal","angle":0},{"kind":"door","info":{"x":3.4731605351170534,"y":4.91011705685619},"type":"normal","angle":0},{"kind":"door","info":{"x":5.05008361204013,"y":3.217809364548497},"type":"normal","angle":0},{"kind":"door","info":{"x":11.934698996655515,"y":3.3716555183946513},"type":"normal","angle":0},{"kind":"door","info":{"x":15.088545150501668,"y":3.4101170568561896},"type":"normal","angle":0},{"kind":"door","info":{"x":20.050083612040126,"y":3.1408862876254204},"type":"normal","angle":0},{"kind":"door","info":{"x":0.011622073578590797,"y":1.333193979933113},"type":"normal","angle":0},{"kind":"label","info":{"x":7.396237458193975,"y":9.525501672240805},"text":"112"},{"kind":"label","info":{"x":2.0885451505016683,"y":2.8331939799331125},"text":"101"},{"kind":"label","info":{"x":-2.415504987890663,"y":2.2109329950409604},"text":"113"},{"kind":"wall","info":{"x1":3,"x2":7,"y1":7,"y2":7}},{"kind":"wall","info":{"x1":8,"x2":21,"y1":7,"y2":7}},{"kind":"wall","info":{"x1":6,"x2":6,"y1":7,"y2":12}},{"kind":"wall","info":{"x1":21,"x2":6,"y1":12,"y2":12}},{"kind":"wall","info":{"x1":-2,"x2":0,"y1":0,"y2":1}},{"kind":"door","info":{"x":7.5116220735785895,"y":7.10242474916388},"type":"normal","angle":0},{"kind":"door","info":{"x":9.127006688963204,"y":8.525501672240804},"type":"normal","angle":0},{"kind":"door","info":{"x":11.088545150501666,"y":8.448578595317727},"type":"normal","angle":0},{"kind":"door","info":{"x":12.973160535117051,"y":8.525501672240804},"type":"normal","angle":0},{"kind":"door","info":{"x":14.896237458193973,"y":8.448578595317727},"type":"normal","angle":0},{"kind":"door","info":{"x":16.896237458193973,"y":8.410117056856189},"type":"normal","angle":0},{"kind":"wall","info":{"x1":0,"x2":27,"y1":1,"y2":1}},{"kind":"wall","info":{"x1":-2,"x2":0,"y1":0,"y2":1}},{"kind":"wall","info":{"x1":-4,"x2":-2,"y1":1,"y2":0}},{"kind":"stair","info":{"x":3.701107859531753,"y":10.300334448160543},"type":"both"},{"kind":"wall","info":{"x1":4,"x2":6,"y1":7,"y2":9}},{"kind":"wall","info":{"x1":6,"x2":3,"y1":12,"y2":13}},{"kind":"wall","info":{"x1":-2,"x2":-3,"y1":7,"y2":15}},{"kind":"wall","info":{"x1":-4,"x2":-6,"y1":1,"y2":3}},{"kind":"wall","info":{"x1":-5,"x2":-4,"y1":4,"y2":5}},{"kind":"door","info":{"x":-5.377043449429124,"y":3.787856071964037},"type":"normal","angle":0},{"kind":"wall","info":{"x1":-4,"x2":-2,"y1":5,"y2":6}},{"kind":"wall","info":{"x1":0,"x2":-1,"y1":5,"y2":6}},{"kind":"door","info":{"x":-1.4539665263522012,"y":5.941702225810191},"type":"normal","angle":0},{"kind":"wall","info":{"x1":-2,"x2":-4,"y1":4,"y2":5}},{"kind":"wall","info":{"x1":0,"x2":-1,"y1":4,"y2":4}},{"kind":"door","info":{"x":-1.530889603275278,"y":3.8647791488871146},"type":"normal","angle":0},{"kind":"label","info":{"x":-2.415504987890663,"y":2.2109329950409604},"text":"113"},{"kind":"wall","info":{"x1":0,"x2":3,"y1":11,"y2":13}},{"kind":"wall","info":{"x1":0,"x2":2,"y1":9,"y2":12}},{"kind":"wall","info":{"x1":-6,"x2":-2,"y1":7,"y2":8}},{"kind":"door","info":{"x":-5.49242806481374,"y":11.98016376427173},"type":"normal","angle":0},{"kind":"door","info":{"x":-3.10781268019835,"y":15.518625302733268},"type":"normal","angle":0},{"kind":"wall","info":{"x1":-4,"x2":18,"y1":32,"y2":32}},{"kind":"wall","info":{"x1":18,"x2":18,"y1":22,"y2":32}},{"kind":"wall","info":{"x1":18,"x2":17,"y1":26,"y2":26}},{"kind":"stair","info":{"x":16.507571935186267,"y":23.09554837965633},"type":"both"},{"kind":"wall","info":{"x1":15,"x2":15,"y1":22,"y2":26}},{"kind":"wall","info":{"x1":15,"x2":15,"y1":30,"y2":32}},{"kind":"wall","info":{"x1":14,"x2":18,"y1":28,"y2":28}},{"kind":"door","info":{"x":13.546033473647807,"y":28.01862530273325},"type":"normal","angle":0},{"kind":"wall","info":{"x1":15,"x2":15,"y1":28,"y2":29}},{"kind":"wall","info":{"x1":14,"x2":15,"y1":30,"y2":30}},{"kind":"wall","info":{"x1":12,"x2":13,"y1":30,"y2":30}},{"kind":"wall","info":{"x1":12,"x2":12,"y1":28,"y2":29}},{"kind":"label","info":{"x":16.507571935186267,"y":29.826317610425562},"text":"121"},{"kind":"label","info":{"x":11.122956550570883,"y":30.480163764271715},"text":"121b"},{"kind":"wall","info":{"x1":10,"x2":10,"y1":30,"y2":32}},{"kind":"wall","info":{"x1":10,"x2":10,"y1":28,"y2":29}},{"kind":"label","info":{"x":6.353725781340113,"y":30.403240687348635},"text":"120"},{"kind":"wall","info":{"x1":1,"x2":1,"y1":28,"y2":32}},{"kind":"wall","info":{"x1":9,"x2":9,"y1":28,"y2":32}},{"kind":"wall","info":{"x1":12,"x2":12,"y1":30,"y2":32}},{"kind":"wall","info":{"x1":5,"x2":5,"y1":28,"y2":32}},{"kind":"wall","info":{"x1":8,"x2":13,"y1":28,"y2":28}},{"kind":"door","info":{"x":7.507571935186275,"y":27.941702225810168},"type":"normal","angle":0},{"kind":"wall","info":{"x1":4,"x2":7,"y1":28,"y2":28}},{"kind":"wall","info":{"x1":1,"x2":3,"y1":28,"y2":28}},{"kind":"label","info":{"x":-5.261658834044493,"y":14.903240687348646},"text":"116"},{"kind":"wall","info":{"x1":-7,"x2":-6,"y1":24,"y2":3}},{"kind":"wall","info":{"x1":-3,"x2":-3,"y1":16,"y2":23}},{"kind":"wall","info":{"x1":-7,"x2":-4,"y1":24,"y2":32}},{"kind":"door","info":{"x":-0.4924280648137227,"y":26.44170222581017},"type":"normal","angle":0},{"kind":"wall","info":{"x1":-3,"x2":-7,"y1":23,"y2":23}},{"kind":"wall","info":{"x1":-5,"x2":-3,"y1":12,"y2":12}},{"kind":"wall","info":{"x1":-5,"x2":-3,"y1":18,"y2":18}},{"kind":"wall","info":{"x1":-7,"x2":-6,"y1":18,"y2":18}},{"kind":"door","info":{"x":-5.4962742186598526,"y":18.145548379656336},"type":"normal","angle":0},{"kind":"label","info":{"x":13.272956550570905,"y":23.991702225810165},"text":"122a"},{"kind":"wall","info":{"x1":11,"x2":16,"y1":26,"y2":26}},{"kind":"wall","info":{"x1":12,"x2":12,"y1":22,"y2":24}},{"kind":"wall","info":{"x1":11,"x2":12,"y1":24,"y2":24}},{"kind":"wall","info":{"x1":12,"x2":12,"y1":25,"y2":26}},{"kind":"wall","info":{"x1":9,"x2":9,"y1":24,"y2":22}},{"kind":"wall","info":{"x1":9,"x2":10,"y1":24,"y2":24}},{"kind":"wall","info":{"x1":9,"x2":9,"y1":25,"y2":26}},{"kind":"door","info":{"x":10.388341165955522,"y":25.837856071964012},"type":"normal","angle":0},{"kind":"label","info":{"x":7.88834116595552,"y":23.876317610425552},"text":"122"},{"kind":"wall","info":{"x1":6,"x2":6,"y1":22,"y2":26}},{"kind":"wall","info":{"x1":6,"x2":10,"y1":26,"y2":26}},{"kind":"label","info":{"x":-2.3808896032752482,"y":29.260932995040925},"text":"amfiteatrul stoilow"},{"kind":"wall","info":{"x1":3,"x2":3,"y1":13,"y2":18}},{"kind":"wall","info":{"x1":1,"x2":3,"y1":14,"y2":14}},{"kind":"wall","info":{"x1":1,"x2":3,"y1":17,"y2":17}},{"kind":"wall","info":{"x1":1,"x2":1,"y1":14,"y2":15}},{"kind":"wall","info":{"x1":3,"x2":6,"y1":24,"y2":26}},{"kind":"wall","info":{"x1":3,"x2":6,"y1":18,"y2":22}},{"kind":"wall","info":{"x1":6,"x2":18,"y1":22,"y2":22}},{"kind":"wall","info":{"x1":2,"x2":4,"y1":20,"y2":19}},{"kind":"wall","info":{"x1":4,"x2":6,"y1":23,"y2":22}},{"kind":"door","info":{"x":2.272956550570905,"y":23.453240687348618},"type":"normal","angle":0},{"kind":"door","info":{"x":-0.11165883404447996,"y":15.337856071964001},"type":"normal","angle":0},{"kind":"wall","info":{"x1":1,"x2":1,"y1":16,"y2":17}},{"kind":"label","info":{"x":0.579275231889584,"y":15.419449478557407},"text":"125"},{"kind":"wall","info":{"x1":0,"x2":0,"y1":11,"y2":15}},{"kind":"wall","info":{"x1":0,"x2":0,"y1":16,"y2":21}},{"kind":"wall","info":{"x1":-3,"x2":-1,"y1":23,"y2":26}},{"kind":"wall","info":{"x1":0,"x2":1,"y1":27,"y2":28}},{"kind":"wall","info":{"x1":3,"x2":6,"y1":24,"y2":26}},{"kind":"wall","info":{"x1":0,"x2":2,"y1":21,"y2":23}},{"kind":"wall","info":{"x1":9,"x2":9,"y1":9,"y2":12}},{"kind":"wall","info":{"x1":11,"x2":11,"y1":9,"y2":12}},{"kind":"wall","info":{"x1":13,"x2":13,"y1":9,"y2":12}},{"kind":"wall","info":{"x1":15,"x2":15,"y1":9,"y2":12}},{"kind":"wall","info":{"x1":15,"x2":15,"y1":7,"y2":8}},{"kind":"wall","info":{"x1":13,"x2":13,"y1":7,"y2":8}},{"kind":"wall","info":{"x1":11,"x2":11,"y1":7,"y2":8}},{"kind":"wall","info":{"x1":9,"x2":9,"y1":7,"y2":8}},{"kind":"wall","info":{"x1":17,"x2":17,"y1":7,"y2":8}},{"kind":"wall","info":{"x1":17,"x2":17,"y1":9,"y2":12}},{"kind":"wall","info":{"x1":15,"x2":15,"y1":3,"y2":1}},{"kind":"wall","info":{"x1":15,"x2":15,"y1":4,"y2":5}},{"kind":"wall","info":{"x1":12,"x2":12,"y1":4,"y2":5}},{"kind":"wall","info":{"x1":12,"x2":12,"y1":1,"y2":3}},{"kind":"wall","info":{"x1":5,"x2":5,"y1":1,"y2":3}},{"kind":"wall","info":{"x1":5,"x2":5,"y1":4,"y2":5}},{"kind":"wall","info":{"x1":20,"x2":20,"y1":4,"y2":5}},{"kind":"wall","info":{"x1":20,"x2":20,"y1":1,"y2":3}}]', 1, 71),
(291, 261, '[{"kind":"wall","info":{"x1":21,"x2":6,"y1":12,"y2":12}},{"kind":"wall","info":{"x1":27,"x2":27,"y1":1,"y2":10}},{"kind":"wall","info":{"x1":23,"x2":23,"y1":5,"y2":1}},{"kind":"wall","info":{"x1":21,"x2":27,"y1":10,"y2":10}},{"kind":"wall","info":{"x1":26,"x2":27,"y1":5,"y2":5}},{"kind":"label","info":{"x":17.45,"y":2.899999999999999},"text":"104"},{"kind":"wall","info":{"x1":21,"x2":21,"y1":7,"y2":12}},{"kind":"wall","info":{"x1":14,"x2":25,"y1":5,"y2":5}},{"kind":"door","info":{"x":25.468478260869567,"y":3.9554347826086937},"type":"normal","angle":0},{"kind":"stair","info":{"x":25.468478260869567,"y":1.9119565217391288},"type":"both"},{"kind":"door","info":{"x":15.088545150501668,"y":3.4101170568561896},"type":"normal","angle":0},{"kind":"label","info":{"x":13.381521739130436,"y":2.955434782608694},"text":"103"},{"kind":"wall","info":{"x1":7,"x2":13,"y1":5,"y2":5}},{"kind":"wall","info":{"x1":4,"x2":6,"y1":5,"y2":5}},{"kind":"label","info":{"x":8.58469899665552,"y":2.9562709030100316},"text":"102"},{"kind":"wall","info":{"x1":0,"x2":3,"y1":5,"y2":5}},{"kind":"wall","info":{"x1":0,"x2":0,"y1":2,"y2":5}},{"kind":"door","info":{"x":6.434698996655515,"y":4.871655518394651},"type":"normal","angle":0},{"kind":"door","info":{"x":13.434698996655515,"y":4.794732441471573},"type":"normal","angle":0},{"kind":"door","info":{"x":3.4731605351170534,"y":4.91011705685619},"type":"normal","angle":0},{"kind":"door","info":{"x":5.05008361204013,"y":3.217809364548497},"type":"normal","angle":0},{"kind":"door","info":{"x":11.934698996655515,"y":3.3716555183946513},"type":"normal","angle":0},{"kind":"door","info":{"x":15.088545150501668,"y":3.4101170568561896},"type":"normal","angle":0},{"kind":"door","info":{"x":20.050083612040126,"y":3.1408862876254204},"type":"normal","angle":0},{"kind":"door","info":{"x":0.011622073578590797,"y":1.333193979933113},"type":"normal","angle":0},{"kind":"label","info":{"x":7.396237458193975,"y":9.525501672240805},"text":"112"},{"kind":"label","info":{"x":2.0885451505016683,"y":2.8331939799331125},"text":"101"},{"kind":"label","info":{"x":-2.415504987890663,"y":2.2109329950409604},"text":"113"},{"kind":"wall","info":{"x1":3,"x2":7,"y1":7,"y2":7}},{"kind":"wall","info":{"x1":8,"x2":21,"y1":7,"y2":7}},{"kind":"wall","info":{"x1":6,"x2":6,"y1":7,"y2":12}},{"kind":"wall","info":{"x1":21,"x2":6,"y1":12,"y2":12}},{"kind":"wall","info":{"x1":-2,"x2":0,"y1":0,"y2":1}},{"kind":"door","info":{"x":7.5116220735785895,"y":7.10242474916388},"type":"normal","angle":0},{"kind":"door","info":{"x":9.127006688963204,"y":8.525501672240804},"type":"normal","angle":0},{"kind":"door","info":{"x":11.088545150501666,"y":8.448578595317727},"type":"normal","angle":0},{"kind":"door","info":{"x":12.973160535117051,"y":8.525501672240804},"type":"normal","angle":0},{"kind":"door","info":{"x":14.896237458193973,"y":8.448578595317727},"type":"normal","angle":0},{"kind":"door","info":{"x":16.896237458193973,"y":8.410117056856189},"type":"normal","angle":0},{"kind":"wall","info":{"x1":0,"x2":27,"y1":1,"y2":1}},{"kind":"wall","info":{"x1":-2,"x2":0,"y1":0,"y2":1}},{"kind":"wall","info":{"x1":-4,"x2":-2,"y1":1,"y2":0}},{"kind":"stair","info":{"x":3.701107859531753,"y":10.300334448160543},"type":"both"},{"kind":"wall","info":{"x1":4,"x2":6,"y1":7,"y2":9}},{"kind":"wall","info":{"x1":6,"x2":3,"y1":12,"y2":13}},{"kind":"wall","info":{"x1":-2,"x2":-3,"y1":7,"y2":15}},{"kind":"wall","info":{"x1":-4,"x2":-6,"y1":1,"y2":3}},{"kind":"wall","info":{"x1":-5,"x2":-4,"y1":4,"y2":5}},{"kind":"door","info":{"x":-5.377043449429124,"y":3.787856071964037},"type":"normal","angle":0},{"kind":"wall","info":{"x1":-4,"x2":-2,"y1":5,"y2":6}},{"kind":"wall","info":{"x1":0,"x2":-1,"y1":5,"y2":6}},{"kind":"door","info":{"x":-1.4539665263522012,"y":5.941702225810191},"type":"normal","angle":0},{"kind":"wall","info":{"x1":-2,"x2":-4,"y1":4,"y2":5}},{"kind":"wall","info":{"x1":0,"x2":-1,"y1":4,"y2":4}},{"kind":"door","info":{"x":-1.530889603275278,"y":3.8647791488871146},"type":"normal","angle":0},{"kind":"label","info":{"x":-2.415504987890663,"y":2.2109329950409604},"text":"113"},{"kind":"wall","info":{"x1":0,"x2":3,"y1":11,"y2":13}},{"kind":"wall","info":{"x1":0,"x2":2,"y1":9,"y2":12}},{"kind":"wall","info":{"x1":-6,"x2":-2,"y1":7,"y2":8}},{"kind":"door","info":{"x":-5.49242806481374,"y":11.98016376427173},"type":"normal","angle":0},{"kind":"door","info":{"x":-3.10781268019835,"y":15.518625302733268},"type":"normal","angle":0},{"kind":"wall","info":{"x1":-4,"x2":18,"y1":32,"y2":32}},{"kind":"wall","info":{"x1":18,"x2":18,"y1":22,"y2":32}},{"kind":"wall","info":{"x1":18,"x2":17,"y1":26,"y2":26}},{"kind":"stair","info":{"x":16.507571935186267,"y":23.09554837965633},"type":"both"},{"kind":"wall","info":{"x1":15,"x2":15,"y1":22,"y2":26}},{"kind":"wall","info":{"x1":15,"x2":15,"y1":30,"y2":32}},{"kind":"wall","info":{"x1":14,"x2":18,"y1":28,"y2":28}},{"kind":"door","info":{"x":13.546033473647807,"y":28.01862530273325},"type":"normal","angle":0},{"kind":"wall","info":{"x1":15,"x2":15,"y1":28,"y2":29}},{"kind":"wall","info":{"x1":14,"x2":15,"y1":30,"y2":30}},{"kind":"wall","info":{"x1":12,"x2":13,"y1":30,"y2":30}},{"kind":"wall","info":{"x1":12,"x2":12,"y1":28,"y2":29}},{"kind":"label","info":{"x":16.507571935186267,"y":29.826317610425562},"text":"121"},{"kind":"label","info":{"x":11.122956550570883,"y":30.480163764271715},"text":"121b"},{"kind":"wall","info":{"x1":10,"x2":10,"y1":30,"y2":32}},{"kind":"wall","info":{"x1":10,"x2":10,"y1":28,"y2":29}},{"kind":"label","info":{"x":6.353725781340113,"y":30.403240687348635},"text":"120"},{"kind":"wall","info":{"x1":1,"x2":1,"y1":28,"y2":32}},{"kind":"wall","info":{"x1":9,"x2":9,"y1":28,"y2":32}},{"kind":"wall","info":{"x1":12,"x2":12,"y1":30,"y2":32}},{"kind":"wall","info":{"x1":5,"x2":5,"y1":28,"y2":32}},{"kind":"wall","info":{"x1":8,"x2":13,"y1":28,"y2":28}},{"kind":"door","info":{"x":7.507571935186275,"y":27.941702225810168},"type":"normal","angle":0},{"kind":"wall","info":{"x1":4,"x2":7,"y1":28,"y2":28}},{"kind":"wall","info":{"x1":1,"x2":3,"y1":28,"y2":28}},{"kind":"label","info":{"x":-5.261658834044493,"y":14.903240687348646},"text":"116"},{"kind":"wall","info":{"x1":-7,"x2":-6,"y1":24,"y2":3}},{"kind":"wall","info":{"x1":-3,"x2":-3,"y1":16,"y2":23}},{"kind":"wall","info":{"x1":-7,"x2":-4,"y1":24,"y2":32}},{"kind":"door","info":{"x":-0.4924280648137227,"y":26.44170222581017},"type":"normal","angle":0},{"kind":"wall","info":{"x1":-3,"x2":-7,"y1":23,"y2":23}},{"kind":"wall","info":{"x1":-5,"x2":-3,"y1":12,"y2":12}},{"kind":"wall","info":{"x1":-5,"x2":-3,"y1":18,"y2":18}},{"kind":"wall","info":{"x1":-7,"x2":-6,"y1":18,"y2":18}},{"kind":"door","info":{"x":-5.4962742186598526,"y":18.145548379656336},"type":"normal","angle":0},{"kind":"label","info":{"x":13.272956550570905,"y":23.991702225810165},"text":"122a"},{"kind":"wall","info":{"x1":11,"x2":16,"y1":26,"y2":26}},{"kind":"wall","info":{"x1":12,"x2":12,"y1":22,"y2":24}},{"kind":"wall","info":{"x1":11,"x2":12,"y1":24,"y2":24}},{"kind":"wall","info":{"x1":12,"x2":12,"y1":25,"y2":26}},{"kind":"wall","info":{"x1":9,"x2":9,"y1":24,"y2":22}},{"kind":"wall","info":{"x1":9,"x2":10,"y1":24,"y2":24}},{"kind":"wall","info":{"x1":9,"x2":9,"y1":25,"y2":26}},{"kind":"door","info":{"x":10.388341165955522,"y":25.837856071964012},"type":"normal","angle":0},{"kind":"label","info":{"x":7.88834116595552,"y":23.876317610425552},"text":"122"},{"kind":"wall","info":{"x1":6,"x2":6,"y1":22,"y2":26}},{"kind":"wall","info":{"x1":6,"x2":10,"y1":26,"y2":26}},{"kind":"label","info":{"x":-2.3808896032752482,"y":29.260932995040925},"text":"amfiteatrul stoilow"},{"kind":"wall","info":{"x1":3,"x2":3,"y1":13,"y2":18}},{"kind":"wall","info":{"x1":1,"x2":3,"y1":14,"y2":14}},{"kind":"wall","info":{"x1":1,"x2":3,"y1":17,"y2":17}},{"kind":"wall","info":{"x1":1,"x2":1,"y1":14,"y2":15}},{"kind":"wall","info":{"x1":3,"x2":6,"y1":24,"y2":26}},{"kind":"wall","info":{"x1":3,"x2":6,"y1":18,"y2":22}},{"kind":"wall","info":{"x1":6,"x2":18,"y1":22,"y2":22}},{"kind":"wall","info":{"x1":2,"x2":4,"y1":20,"y2":19}},{"kind":"wall","info":{"x1":4,"x2":6,"y1":23,"y2":22}},{"kind":"door","info":{"x":2.272956550570905,"y":23.453240687348618},"type":"normal","angle":0},{"kind":"door","info":{"x":-0.11165883404447996,"y":15.337856071964001},"type":"normal","angle":0},{"kind":"wall","info":{"x1":1,"x2":1,"y1":16,"y2":17}},{"kind":"label","info":{"x":0.579275231889584,"y":15.419449478557407},"text":"125"},{"kind":"wall","info":{"x1":0,"x2":0,"y1":16,"y2":21}},{"kind":"wall","info":{"x1":-3,"x2":-1,"y1":23,"y2":26}},{"kind":"wall","info":{"x1":0,"x2":1,"y1":27,"y2":28}},{"kind":"wall","info":{"x1":3,"x2":6,"y1":24,"y2":26}},{"kind":"wall","info":{"x1":0,"x2":2,"y1":21,"y2":23}},{"kind":"wall","info":{"x1":9,"x2":9,"y1":9,"y2":12}},{"kind":"wall","info":{"x1":11,"x2":11,"y1":9,"y2":12}},{"kind":"wall","info":{"x1":13,"x2":13,"y1":9,"y2":12}},{"kind":"wall","info":{"x1":15,"x2":15,"y1":9,"y2":12}},{"kind":"wall","info":{"x1":15,"x2":15,"y1":7,"y2":8}},{"kind":"wall","info":{"x1":13,"x2":13,"y1":7,"y2":8}},{"kind":"wall","info":{"x1":11,"x2":11,"y1":7,"y2":8}},{"kind":"wall","info":{"x1":9,"x2":9,"y1":7,"y2":8}},{"kind":"wall","info":{"x1":17,"x2":17,"y1":7,"y2":8}},{"kind":"wall","info":{"x1":17,"x2":17,"y1":9,"y2":12}},{"kind":"wall","info":{"x1":15,"x2":15,"y1":3,"y2":1}},{"kind":"wall","info":{"x1":15,"x2":15,"y1":4,"y2":5}},{"kind":"wall","info":{"x1":12,"x2":12,"y1":4,"y2":5}},{"kind":"wall","info":{"x1":12,"x2":12,"y1":1,"y2":3}},{"kind":"wall","info":{"x1":5,"x2":5,"y1":1,"y2":3}},{"kind":"wall","info":{"x1":5,"x2":5,"y1":4,"y2":5}},{"kind":"wall","info":{"x1":20,"x2":20,"y1":4,"y2":5}},{"kind":"wall","info":{"x1":20,"x2":20,"y1":1,"y2":3}},{"kind":"wall","info":{"x1":0,"x2":0,"y1":9,"y2":15}}]', 1, 71),
(301, 271, '[{"kind":"wall","info":{"x1":21,"x2":6,"y1":12,"y2":12}},{"kind":"wall","info":{"x1":27,"x2":27,"y1":1,"y2":10}},{"kind":"wall","info":{"x1":23,"x2":23,"y1":5,"y2":1}},{"kind":"wall","info":{"x1":26,"x2":27,"y1":5,"y2":5}},{"kind":"label","info":{"x":17.45,"y":2.899999999999999},"text":"104"},{"kind":"wall","info":{"x1":14,"x2":25,"y1":5,"y2":5}},{"kind":"door","info":{"x":25.468478260869567,"y":3.9554347826086937},"type":"normal","angle":0},{"kind":"stair","info":{"x":25.468478260869567,"y":1.9119565217391288},"type":"both"},{"kind":"door","info":{"x":15.088545150501668,"y":3.4101170568561896},"type":"normal","angle":0},{"kind":"label","info":{"x":13.381521739130436,"y":2.955434782608694},"text":"103"},{"kind":"wall","info":{"x1":7,"x2":13,"y1":5,"y2":5}},{"kind":"wall","info":{"x1":4,"x2":6,"y1":5,"y2":5}},{"kind":"label","info":{"x":8.58469899665552,"y":2.9562709030100316},"text":"102"},{"kind":"wall","info":{"x1":0,"x2":3,"y1":5,"y2":5}},{"kind":"wall","info":{"x1":0,"x2":0,"y1":2,"y2":5}},{"kind":"door","info":{"x":6.434698996655515,"y":4.871655518394651},"type":"normal","angle":0},{"kind":"door","info":{"x":13.434698996655515,"y":4.794732441471573},"type":"normal","angle":0},{"kind":"door","info":{"x":3.4731605351170534,"y":4.91011705685619},"type":"normal","angle":0},{"kind":"door","info":{"x":5.05008361204013,"y":3.217809364548497},"type":"normal","angle":0},{"kind":"door","info":{"x":11.934698996655515,"y":3.3716555183946513},"type":"normal","angle":0},{"kind":"door","info":{"x":15.088545150501668,"y":3.4101170568561896},"type":"normal","angle":0},{"kind":"door","info":{"x":20.050083612040126,"y":3.1408862876254204},"type":"normal","angle":0},{"kind":"door","info":{"x":0.011622073578590797,"y":1.333193979933113},"type":"normal","angle":0},{"kind":"label","info":{"x":7.396237458193975,"y":9.525501672240805},"text":"112"},{"kind":"label","info":{"x":2.0885451505016683,"y":2.8331939799331125},"text":"101"},{"kind":"label","info":{"x":-2.415504987890663,"y":2.2109329950409604},"text":"113"},{"kind":"wall","info":{"x1":3,"x2":7,"y1":7,"y2":7}},{"kind":"wall","info":{"x1":8,"x2":21,"y1":7,"y2":7}},{"kind":"wall","info":{"x1":6,"x2":6,"y1":7,"y2":12}},{"kind":"wall","info":{"x1":21,"x2":6,"y1":12,"y2":12}},{"kind":"wall","info":{"x1":-2,"x2":0,"y1":0,"y2":1}},{"kind":"door","info":{"x":7.5116220735785895,"y":7.10242474916388},"type":"normal","angle":0},{"kind":"door","info":{"x":9.127006688963204,"y":8.525501672240804},"type":"normal","angle":0},{"kind":"door","info":{"x":11.088545150501666,"y":8.448578595317727},"type":"normal","angle":0},{"kind":"door","info":{"x":12.973160535117051,"y":8.525501672240804},"type":"normal","angle":0},{"kind":"door","info":{"x":14.896237458193973,"y":8.448578595317727},"type":"normal","angle":0},{"kind":"door","info":{"x":16.896237458193973,"y":8.410117056856189},"type":"normal","angle":0},{"kind":"wall","info":{"x1":0,"x2":27,"y1":1,"y2":1}},{"kind":"wall","info":{"x1":-2,"x2":0,"y1":0,"y2":1}},{"kind":"wall","info":{"x1":-4,"x2":-2,"y1":1,"y2":0}},{"kind":"stair","info":{"x":3.701107859531753,"y":10.300334448160543},"type":"both"},{"kind":"wall","info":{"x1":4,"x2":6,"y1":7,"y2":9}},{"kind":"wall","info":{"x1":6,"x2":3,"y1":12,"y2":13}},{"kind":"wall","info":{"x1":-2,"x2":-3,"y1":7,"y2":15}},{"kind":"wall","info":{"x1":-4,"x2":-6,"y1":1,"y2":3}},{"kind":"wall","info":{"x1":-5,"x2":-4,"y1":4,"y2":5}},{"kind":"door","info":{"x":-5.377043449429124,"y":3.787856071964037},"type":"normal","angle":0},{"kind":"wall","info":{"x1":-4,"x2":-2,"y1":5,"y2":6}},{"kind":"wall","info":{"x1":0,"x2":-1,"y1":5,"y2":6}},{"kind":"door","info":{"x":-1.4539665263522012,"y":5.941702225810191},"type":"normal","angle":0},{"kind":"wall","info":{"x1":-2,"x2":-4,"y1":4,"y2":5}},{"kind":"wall","info":{"x1":0,"x2":-1,"y1":4,"y2":4}},{"kind":"door","info":{"x":-1.530889603275278,"y":3.8647791488871146},"type":"normal","angle":0},{"kind":"label","info":{"x":-2.415504987890663,"y":2.2109329950409604},"text":"113"},{"kind":"wall","info":{"x1":0,"x2":3,"y1":11,"y2":13}},{"kind":"wall","info":{"x1":0,"x2":2,"y1":9,"y2":12}},{"kind":"wall","info":{"x1":-6,"x2":-2,"y1":7,"y2":8}},{"kind":"door","info":{"x":-5.49242806481374,"y":11.98016376427173},"type":"normal","angle":0},{"kind":"door","info":{"x":-3.10781268019835,"y":15.518625302733268},"type":"normal","angle":0},{"kind":"wall","info":{"x1":-4,"x2":18,"y1":32,"y2":32}},{"kind":"wall","info":{"x1":18,"x2":18,"y1":22,"y2":32}},{"kind":"wall","info":{"x1":18,"x2":17,"y1":26,"y2":26}},{"kind":"stair","info":{"x":16.507571935186267,"y":23.09554837965633},"type":"both"},{"kind":"wall","info":{"x1":15,"x2":15,"y1":22,"y2":26}},{"kind":"wall","info":{"x1":15,"x2":15,"y1":30,"y2":32}},{"kind":"wall","info":{"x1":14,"x2":18,"y1":28,"y2":28}},{"kind":"door","info":{"x":13.546033473647807,"y":28.01862530273325},"type":"normal","angle":0},{"kind":"wall","info":{"x1":15,"x2":15,"y1":28,"y2":29}},{"kind":"wall","info":{"x1":14,"x2":15,"y1":30,"y2":30}},{"kind":"wall","info":{"x1":12,"x2":13,"y1":30,"y2":30}},{"kind":"wall","info":{"x1":12,"x2":12,"y1":28,"y2":29}},{"kind":"label","info":{"x":16.507571935186267,"y":29.826317610425562},"text":"121"},{"kind":"label","info":{"x":11.122956550570883,"y":30.480163764271715},"text":"121b"},{"kind":"wall","info":{"x1":10,"x2":10,"y1":30,"y2":32}},{"kind":"wall","info":{"x1":10,"x2":10,"y1":28,"y2":29}},{"kind":"label","info":{"x":6.353725781340113,"y":30.403240687348635},"text":"120"},{"kind":"wall","info":{"x1":1,"x2":1,"y1":28,"y2":32}},{"kind":"wall","info":{"x1":9,"x2":9,"y1":28,"y2":32}},{"kind":"wall","info":{"x1":12,"x2":12,"y1":30,"y2":32}},{"kind":"wall","info":{"x1":5,"x2":5,"y1":28,"y2":32}},{"kind":"wall","info":{"x1":8,"x2":13,"y1":28,"y2":28}},{"kind":"door","info":{"x":7.507571935186275,"y":27.941702225810168},"type":"normal","angle":0},{"kind":"wall","info":{"x1":4,"x2":7,"y1":28,"y2":28}},{"kind":"wall","info":{"x1":1,"x2":3,"y1":28,"y2":28}},{"kind":"label","info":{"x":-5.261658834044493,"y":14.903240687348646},"text":"116"},{"kind":"wall","info":{"x1":-7,"x2":-6,"y1":24,"y2":3}},{"kind":"wall","info":{"x1":-3,"x2":-3,"y1":16,"y2":23}},{"kind":"wall","info":{"x1":-7,"x2":-4,"y1":24,"y2":32}},{"kind":"door","info":{"x":-0.4924280648137227,"y":26.44170222581017},"type":"normal","angle":0},{"kind":"wall","info":{"x1":-3,"x2":-7,"y1":23,"y2":23}},{"kind":"wall","info":{"x1":-5,"x2":-3,"y1":12,"y2":12}},{"kind":"wall","info":{"x1":-5,"x2":-3,"y1":18,"y2":18}},{"kind":"wall","info":{"x1":-7,"x2":-6,"y1":18,"y2":18}},{"kind":"door","info":{"x":-5.4962742186598526,"y":18.145548379656336},"type":"normal","angle":0},{"kind":"label","info":{"x":13.272956550570905,"y":23.991702225810165},"text":"122a"},{"kind":"wall","info":{"x1":11,"x2":16,"y1":26,"y2":26}},{"kind":"wall","info":{"x1":12,"x2":12,"y1":22,"y2":24}},{"kind":"wall","info":{"x1":11,"x2":12,"y1":24,"y2":24}},{"kind":"wall","info":{"x1":12,"x2":12,"y1":25,"y2":26}},{"kind":"wall","info":{"x1":9,"x2":9,"y1":24,"y2":22}},{"kind":"wall","info":{"x1":9,"x2":10,"y1":24,"y2":24}},{"kind":"wall","info":{"x1":9,"x2":9,"y1":25,"y2":26}},{"kind":"door","info":{"x":10.388341165955522,"y":25.837856071964012},"type":"normal","angle":0},{"kind":"label","info":{"x":7.88834116595552,"y":23.876317610425552},"text":"122"},{"kind":"wall","info":{"x1":6,"x2":6,"y1":22,"y2":26}},{"kind":"wall","info":{"x1":6,"x2":10,"y1":26,"y2":26}},{"kind":"label","info":{"x":-2.3808896032752482,"y":29.260932995040925},"text":"amfiteatrul stoilow"},{"kind":"wall","info":{"x1":3,"x2":3,"y1":13,"y2":18}},{"kind":"wall","info":{"x1":1,"x2":3,"y1":14,"y2":14}},{"kind":"wall","info":{"x1":1,"x2":3,"y1":17,"y2":17}},{"kind":"wall","info":{"x1":1,"x2":1,"y1":14,"y2":15}},{"kind":"wall","info":{"x1":3,"x2":6,"y1":24,"y2":26}},{"kind":"wall","info":{"x1":3,"x2":6,"y1":18,"y2":22}},{"kind":"wall","info":{"x1":6,"x2":18,"y1":22,"y2":22}},{"kind":"wall","info":{"x1":2,"x2":4,"y1":20,"y2":19}},{"kind":"wall","info":{"x1":4,"x2":6,"y1":23,"y2":22}},{"kind":"door","info":{"x":2.272956550570905,"y":23.453240687348618},"type":"normal","angle":0},{"kind":"door","info":{"x":-0.11165883404447996,"y":15.337856071964001},"type":"normal","angle":0},{"kind":"wall","info":{"x1":1,"x2":1,"y1":16,"y2":17}},{"kind":"label","info":{"x":0.579275231889584,"y":15.419449478557407},"text":"125"},{"kind":"wall","info":{"x1":0,"x2":0,"y1":16,"y2":21}},{"kind":"wall","info":{"x1":-3,"x2":-1,"y1":23,"y2":26}},{"kind":"wall","info":{"x1":0,"x2":1,"y1":27,"y2":28}},{"kind":"wall","info":{"x1":3,"x2":6,"y1":24,"y2":26}},{"kind":"wall","info":{"x1":0,"x2":2,"y1":21,"y2":23}},{"kind":"wall","info":{"x1":9,"x2":9,"y1":9,"y2":12}},{"kind":"wall","info":{"x1":11,"x2":11,"y1":9,"y2":12}},{"kind":"wall","info":{"x1":13,"x2":13,"y1":9,"y2":12}},{"kind":"wall","info":{"x1":15,"x2":15,"y1":9,"y2":12}},{"kind":"wall","info":{"x1":15,"x2":15,"y1":7,"y2":8}},{"kind":"wall","info":{"x1":13,"x2":13,"y1":7,"y2":8}},{"kind":"wall","info":{"x1":11,"x2":11,"y1":7,"y2":8}},{"kind":"wall","info":{"x1":9,"x2":9,"y1":7,"y2":8}},{"kind":"wall","info":{"x1":17,"x2":17,"y1":7,"y2":8}},{"kind":"wall","info":{"x1":17,"x2":17,"y1":9,"y2":12}},{"kind":"wall","info":{"x1":15,"x2":15,"y1":3,"y2":1}},{"kind":"wall","info":{"x1":15,"x2":15,"y1":4,"y2":5}},{"kind":"wall","info":{"x1":12,"x2":12,"y1":4,"y2":5}},{"kind":"wall","info":{"x1":12,"x2":12,"y1":1,"y2":3}},{"kind":"wall","info":{"x1":5,"x2":5,"y1":1,"y2":3}},{"kind":"wall","info":{"x1":5,"x2":5,"y1":4,"y2":5}},{"kind":"wall","info":{"x1":20,"x2":20,"y1":4,"y2":5}},{"kind":"wall","info":{"x1":20,"x2":20,"y1":1,"y2":3}},{"kind":"wall","info":{"x1":0,"x2":0,"y1":9,"y2":15}},{"kind":"wall","info":{"x1":21,"x2":27,"y1":10,"y2":10}},{"kind":"wall","info":{"x1":21,"x2":21,"y1":7,"y2":12}}]', 1, 71),
(311, 281, '[]', 0, 71),
(331, 301, '[{"kind":"wall","info":{"x1":33,"x2":35,"y1":10,"y2":12}},{"kind":"stair","info":{"x":38.45,"y":9.95},"type":"up"}]', 0, 71);
INSERT INTO `session_floors` (`id`, `session_id`, `floor_json`, `floor_number`, `building_id`) VALUES
(341, 311, '[{"kind":"wall","info":{"x1":21,"x2":6,"y1":12,"y2":12}},{"kind":"wall","info":{"x1":27,"x2":27,"y1":1,"y2":10}},{"kind":"wall","info":{"x1":23,"x2":23,"y1":5,"y2":1}},{"kind":"wall","info":{"x1":26,"x2":27,"y1":5,"y2":5}},{"kind":"door","info":{"x":25.468478260869567,"y":3.9554347826086937},"type":"normal","angle":0},{"kind":"stair","info":{"x":25.468478260869567,"y":1.9119565217391288},"type":"both"},{"kind":"door","info":{"x":13.434698996655515,"y":4.794732441471573},"type":"normal","angle":0},{"kind":"door","info":{"x":3.4731605351170534,"y":4.91011705685619},"type":"normal","angle":0},{"kind":"door","info":{"x":11.934698996655515,"y":3.3716555183946513},"type":"normal","angle":0},{"kind":"wall","info":{"x1":6,"x2":6,"y1":7,"y2":12}},{"kind":"wall","info":{"x1":21,"x2":6,"y1":12,"y2":12}},{"kind":"wall","info":{"x1":-2,"x2":0,"y1":0,"y2":1}},{"kind":"wall","info":{"x1":0,"x2":27,"y1":1,"y2":1}},{"kind":"wall","info":{"x1":-2,"x2":0,"y1":0,"y2":1}},{"kind":"stair","info":{"x":3.701107859531753,"y":10.300334448160543},"type":"both"},{"kind":"wall","info":{"x1":4,"x2":6,"y1":7,"y2":9}},{"kind":"wall","info":{"x1":6,"x2":3,"y1":12,"y2":13}},{"kind":"wall","info":{"x1":-4,"x2":-2,"y1":5,"y2":6}},{"kind":"wall","info":{"x1":0,"x2":3,"y1":11,"y2":13}},{"kind":"wall","info":{"x1":0,"x2":2,"y1":9,"y2":12}},{"kind":"wall","info":{"x1":-4,"x2":18,"y1":32,"y2":32}},{"kind":"wall","info":{"x1":18,"x2":18,"y1":22,"y2":32}},{"kind":"wall","info":{"x1":18,"x2":17,"y1":26,"y2":26}},{"kind":"wall","info":{"x1":15,"x2":15,"y1":22,"y2":26}},{"kind":"wall","info":{"x1":1,"x2":1,"y1":28,"y2":32}},{"kind":"wall","info":{"x1":1,"x2":3,"y1":28,"y2":28}},{"kind":"wall","info":{"x1":-7,"x2":-6,"y1":24,"y2":3}},{"kind":"wall","info":{"x1":-7,"x2":-4,"y1":24,"y2":32}},{"kind":"door","info":{"x":-0.4924280648137227,"y":26.44170222581017},"type":"normal","angle":0},{"kind":"wall","info":{"x1":-3,"x2":-7,"y1":23,"y2":23}},{"kind":"wall","info":{"x1":12,"x2":12,"y1":22,"y2":24}},{"kind":"wall","info":{"x1":12,"x2":12,"y1":25,"y2":26}},{"kind":"wall","info":{"x1":6,"x2":6,"y1":22,"y2":26}},{"kind":"wall","info":{"x1":3,"x2":3,"y1":13,"y2":18}},{"kind":"wall","info":{"x1":3,"x2":6,"y1":18,"y2":22}},{"kind":"door","info":{"x":-0.11165883404447996,"y":15.337856071964001},"type":"normal","angle":0},{"kind":"wall","info":{"x1":0,"x2":0,"y1":16,"y2":21}},{"kind":"wall","info":{"x1":-3,"x2":-1,"y1":23,"y2":26}},{"kind":"wall","info":{"x1":0,"x2":1,"y1":27,"y2":28}},{"kind":"wall","info":{"x1":12,"x2":12,"y1":4,"y2":5}},{"kind":"wall","info":{"x1":12,"x2":12,"y1":1,"y2":3}},{"kind":"wall","info":{"x1":0,"x2":0,"y1":9,"y2":15}},{"kind":"wall","info":{"x1":21,"x2":27,"y1":10,"y2":10}},{"kind":"wall","info":{"x1":21,"x2":21,"y1":7,"y2":12}},{"kind":"label","info":{"x":-2.115217391304377,"y":28.849999999999998},"text":"amfiteatrul spiru haret"},{"kind":"label","info":{"x":-2.115217391304377,"y":28.849999999999998},"text":"amfiteatrul spiru haret"},{"kind":"wall","info":{"x1":20,"x2":20,"y1":1,"y2":5}},{"kind":"label","info":{"x":21.440867801393342,"y":3.226673427991887},"text":"6"},{"kind":"wall","info":{"x1":23,"x2":22,"y1":5,"y2":5}},{"kind":"door","info":{"x":21.509833318634715,"y":4.812880324543611},"type":"normal","angle":0},{"kind":"wall","info":{"x1":19,"x2":21,"y1":5,"y2":5}},{"kind":"wall","info":{"x1":18,"x2":14,"y1":5,"y2":5}},{"kind":"wall","info":{"x1":15,"x2":15,"y1":5,"y2":1}},{"kind":"door","info":{"x":18.509833318634715,"y":4.881845841784991},"type":"normal","angle":0},{"kind":"label","info":{"x":17.130522973807135,"y":2.9508113590263703},"text":"5"},{"kind":"label","info":{"x":13.406385042772648,"y":2.8818458417849904},"text":"4"},{"kind":"wall","info":{"x1":11,"x2":13,"y1":5,"y2":5}},{"kind":"door","info":{"x":10.440867801393338,"y":4.985294117647059},"type":"normal","angle":0},{"kind":"wall","info":{"x1":7,"x2":7,"y1":1,"y2":5}},{"kind":"wall","info":{"x1":0,"x2":-1,"y1":5,"y2":6}},{"kind":"wall","info":{"x1":0,"x2":3,"y1":5,"y2":5}},{"kind":"wall","info":{"x1":5,"x2":5,"y1":1,"y2":5}},{"kind":"wall","info":{"x1":6,"x2":10,"y1":5,"y2":5}},{"kind":"wall","info":{"x1":5,"x2":4,"y1":5,"y2":5}},{"kind":"door","info":{"x":5.578798835876096,"y":4.95081135902637},"type":"normal","angle":0},{"kind":"label","info":{"x":5.9581091807036834,"y":2.91632860040568},"text":"2"},{"kind":"label","info":{"x":9.199488491048513,"y":2.9508113590263703},"text":"3"},{"kind":"label","info":{"x":2.4753505600140286,"y":2.9508113590263703},"text":"1"},{"kind":"wall","info":{"x1":-4,"x2":-2,"y1":1,"y2":0}},{"kind":"wall","info":{"x1":-5,"x2":-6,"y1":2,"y2":3}},{"kind":"door","info":{"x":-4.524649439985971,"y":1.433569979716025},"type":"exit","angle":0},{"kind":"stair","info":{"x":-1.8005115089514891,"y":4.088742393509128},"type":"up"},{"kind":"door","info":{"x":-1.421201164123902,"y":5.91632860040568},"type":"normal","angle":0},{"kind":"wall","info":{"x1":-2,"x2":-3,"y1":7,"y2":15}},{"kind":"label","info":{"x":-4.766028750330799,"y":9.571501014198784},"text":"12"},{"kind":"wall","info":{"x1":-6,"x2":-4,"y1":3,"y2":5}},{"kind":"wall","info":{"x1":0,"x2":0,"y1":1,"y2":5}},{"kind":"label","info":{"x":18.544316077255406,"y":10.054259634888439},"text":"8"},{"kind":"label","info":{"x":18.544316077255406,"y":10.054259634888439},"text":"8"},{"kind":"label","info":{"x":13.578798835876096,"y":9.950811359026371},"text":"9"},{"kind":"wall","info":{"x1":11,"x2":11,"y1":7,"y2":12}},{"kind":"wall","info":{"x1":16,"x2":16,"y1":7,"y2":12}},{"kind":"wall","info":{"x1":19,"x2":21,"y1":7,"y2":7}},{"kind":"wall","info":{"x1":16,"x2":18,"y1":7,"y2":7}},{"kind":"wall","info":{"x1":16,"x2":14,"y1":7,"y2":7}},{"kind":"wall","info":{"x1":11,"x2":13,"y1":7,"y2":7}},{"kind":"door","info":{"x":13.578798835876096,"y":7.157707910750507},"type":"normal","angle":0},{"kind":"wall","info":{"x1":10,"x2":11,"y1":7,"y2":7}},{"kind":"door","info":{"x":9.475350560014029,"y":7.019776876267749},"type":"normal","angle":0},{"kind":"wall","info":{"x1":3,"x2":9,"y1":7,"y2":7}},{"kind":"door","info":{"x":18.509833318634715,"y":7.019776876267749},"type":"normal","angle":0},{"kind":"label","info":{"x":8.578798835876096,"y":9.985294117647058},"text":"10"},{"kind":"door","info":{"x":16.544316077255377,"y":21.916328600405688},"type":"exit","angle":0},{"kind":"door","info":{"x":16.544316077255377,"y":21.916328600405688},"type":"exit","angle":0},{"kind":"wall","info":{"x1":17,"x2":18,"y1":22,"y2":22}},{"kind":"door","info":{"x":16.544316077255377,"y":21.916328600405688},"type":"exit","angle":0},{"kind":"stair","info":{"x":16.544316077255377,"y":23.502535496957414},"type":"both"},{"kind":"wall","info":{"x1":-6,"x2":-3,"y1":12,"y2":12}},{"kind":"door","info":{"x":-2.1798218537791314,"y":9.192190669371202},"type":"normal","angle":0},{"kind":"wall","info":{"x1":-5,"x2":-2,"y1":7,"y2":8}},{"kind":"door","info":{"x":-5.593614957227405,"y":6.9852941176470775},"type":"normal","angle":0},{"kind":"door","info":{"x":-2.628097715848085,"y":13.054259634888457},"type":"normal","angle":0},{"kind":"wall","info":{"x1":-6,"x2":-3,"y1":14,"y2":14}},{"kind":"door","info":{"x":-5.972925302054982,"y":13.950811359026387},"type":"normal","angle":0},{"kind":"label","info":{"x":-4.559132198606704,"y":13.054259634888457},"text":"13"},{"kind":"wall","info":{"x1":-7,"x2":-3,"y1":17,"y2":17}},{"kind":"door","info":{"x":-2.972925302054982,"y":18.53701825557811},"type":"normal","angle":0},{"kind":"label","info":{"x":-5.386718405503256,"y":18.399087221095353},"text":"15"},{"kind":"label","info":{"x":-5.352235646882566,"y":21.5715010141988},"text":"16"},{"kind":"wall","info":{"x1":-7,"x2":-3,"y1":20,"y2":20}},{"kind":"wall","info":{"x1":-3,"x2":-3,"y1":15,"y2":18}},{"kind":"wall","info":{"x1":-3,"x2":-3,"y1":19,"y2":21}},{"kind":"wall","info":{"x1":-3,"x2":-3,"y1":23,"y2":22}},{"kind":"door","info":{"x":-3.11085633653774,"y":21.226673427991905},"type":"normal","angle":0},{"kind":"stair","info":{"x":3.7512126289795056,"y":31.088742393509143},"type":"down"},{"kind":"wall","info":{"x1":3,"x2":3,"y1":29,"y2":32}},{"kind":"wall","info":{"x1":5,"x2":5,"y1":29,"y2":32}},{"kind":"door","info":{"x":3.544316077255367,"y":27.36460446247466},"type":"normal","angle":0},{"kind":"door","info":{"x":2.8891436634622636,"y":28.674949290060866},"type":"normal","angle":0},{"kind":"door","info":{"x":4.992591939324335,"y":28.640466531440175},"type":"normal","angle":0},{"kind":"label","info":{"x":1.7167298703588152,"y":30.192190669371215},"text":"18"},{"kind":"wall","info":{"x1":8,"x2":10,"y1":26,"y2":26}},{"kind":"wall","info":{"x1":7,"x2":6,"y1":26,"y2":26}},{"kind":"door","info":{"x":7.406385042772609,"y":25.674949290060866},"type":"normal","angle":0},{"kind":"wall","info":{"x1":10,"x2":10,"y1":25,"y2":26}},{"kind":"wall","info":{"x1":10,"x2":10,"y1":24,"y2":22}},{"kind":"wall","info":{"x1":11,"x2":16,"y1":26,"y2":26}},{"kind":"door","info":{"x":10.992591939324331,"y":25.950811359026385},"type":"normal","angle":0},{"kind":"wall","info":{"x1":0,"x2":3,"y1":18,"y2":18}},{"kind":"label","info":{"x":1.6822471117381532,"y":15.709432048681538},"text":"28"},{"kind":"wall","info":{"x1":3,"x2":4,"y1":21,"y2":20}},{"kind":"wall","info":{"x1":1,"x2":3,"y1":21,"y2":21}},{"kind":"wall","info":{"x1":4,"x2":6,"y1":23,"y2":26}},{"kind":"door","info":{"x":0.6132815944967689,"y":20.88184584178499},"type":"normal","angle":0},{"kind":"label","info":{"x":1.5098333186347013,"y":19.605983772819474},"text":"27"},{"kind":"label","info":{"x":1.5098333186347013,"y":19.605983772819474},"text":"27"},{"kind":"label","info":{"x":1.5098333186347013,"y":19.605983772819474},"text":"27"},{"kind":"wall","info":{"x1":6,"x2":16,"y1":22,"y2":22}},{"kind":"wall","info":{"x1":3,"x2":4,"y1":22,"y2":23}},{"kind":"wall","info":{"x1":6,"x2":4,"y1":22,"y2":23}},{"kind":"wall","info":{"x1":3,"x2":1,"y1":25,"y2":28}},{"kind":"wall","info":{"x1":3,"x2":4,"y1":24,"y2":23}},{"kind":"door","info":{"x":3.0270746979450465,"y":24.433569979716026},"type":"normal","angle":0},{"kind":"wall","info":{"x1":5,"x2":4,"y1":25,"y2":27}},{"kind":"door","info":{"x":13.475350560014018,"y":28.29563894523327},"type":"normal","angle":0},{"kind":"label","info":{"x":12.99259193932436,"y":30.468052738336716},"text":"20"},{"kind":"label","info":{"x":15.785695387600224,"y":30.502535496957407},"text":"21"},{"kind":"wall","info":{"x1":16,"x2":18,"y1":28,"y2":28}},{"kind":"wall","info":{"x1":15,"x2":14,"y1":28,"y2":28}},{"kind":"wall","info":{"x1":15,"x2":14,"y1":28,"y2":28}},{"kind":"wall","info":{"x1":15,"x2":14,"y1":28,"y2":28}},{"kind":"door","info":{"x":15.475350560014018,"y":28.12322515212982},"type":"normal","angle":0},{"kind":"wall","info":{"x1":4,"x2":8,"y1":28,"y2":28}},{"kind":"wall","info":{"x1":9,"x2":13,"y1":28,"y2":28}},{"kind":"label","info":{"x":9.923626422082982,"y":28.67494929006086},"text":"19"},{"kind":"wall","info":{"x1":12,"x2":12,"y1":31,"y2":32}},{"kind":"wall","info":{"x1":14,"x2":14,"y1":31,"y2":32}},{"kind":"wall","info":{"x1":14,"x2":14,"y1":28,"y2":30}},{"kind":"wall","info":{"x1":12,"x2":12,"y1":28,"y2":30}},{"kind":"wall","info":{"x1":8,"x2":12,"y1":30,"y2":30}},{"kind":"wall","info":{"x1":8,"x2":8,"y1":32,"y2":31}},{"kind":"wall","info":{"x1":8,"x2":8,"y1":28,"y2":30}},{"kind":"door","info":{"x":8.578798835876086,"y":28.088742393509133},"type":"normal","angle":0},{"kind":"label","info":{"x":9.509833318634708,"y":31.39908722109534},"text":"secretariat"},{"kind":"label","info":{"x":9.509833318634708,"y":31.39908722109534},"text":"secretariat"},{"kind":"label","info":{"x":15.820178146220915,"y":31.433569979716026},"text":"sala consiliu"},{"kind":"label","info":{"x":13.233971249669192,"y":22.537018255578097},"text":"decan"},{"kind":"label","info":{"x":13.406385042772637,"y":24.15770791075051},"text":"22"},{"kind":"label","info":{"x":11.130522973807121,"y":23.985294117647065},"text":"23"},{"kind":"label","info":{"x":8.061557456565744,"y":23.950811359026375},"text":"24"},{"kind":"label","info":{"x":8.09604021518643,"y":22.537018255578097},"text":"prodecani"}]', 0, 71),
(342, 311, '[{"kind":"wall","info":{"x1":21,"x2":6,"y1":12,"y2":12}},{"kind":"wall","info":{"x1":27,"x2":27,"y1":1,"y2":10}},{"kind":"wall","info":{"x1":23,"x2":23,"y1":5,"y2":1}},{"kind":"wall","info":{"x1":26,"x2":27,"y1":5,"y2":5}},{"kind":"label","info":{"x":17.45,"y":2.899999999999999},"text":"104"},{"kind":"wall","info":{"x1":14,"x2":25,"y1":5,"y2":5}},{"kind":"door","info":{"x":25.468478260869567,"y":3.9554347826086937},"type":"normal","angle":0},{"kind":"stair","info":{"x":25.468478260869567,"y":1.9119565217391288},"type":"both"},{"kind":"door","info":{"x":15.088545150501668,"y":3.4101170568561896},"type":"normal","angle":0},{"kind":"label","info":{"x":13.381521739130436,"y":2.955434782608694},"text":"103"},{"kind":"wall","info":{"x1":7,"x2":13,"y1":5,"y2":5}},{"kind":"wall","info":{"x1":4,"x2":6,"y1":5,"y2":5}},{"kind":"label","info":{"x":8.58469899665552,"y":2.9562709030100316},"text":"102"},{"kind":"wall","info":{"x1":0,"x2":3,"y1":5,"y2":5}},{"kind":"wall","info":{"x1":0,"x2":0,"y1":2,"y2":5}},{"kind":"door","info":{"x":6.434698996655515,"y":4.871655518394651},"type":"normal","angle":0},{"kind":"door","info":{"x":13.434698996655515,"y":4.794732441471573},"type":"normal","angle":0},{"kind":"door","info":{"x":3.4731605351170534,"y":4.91011705685619},"type":"normal","angle":0},{"kind":"door","info":{"x":5.05008361204013,"y":3.217809364548497},"type":"normal","angle":0},{"kind":"door","info":{"x":11.934698996655515,"y":3.3716555183946513},"type":"normal","angle":0},{"kind":"door","info":{"x":15.088545150501668,"y":3.4101170568561896},"type":"normal","angle":0},{"kind":"door","info":{"x":20.050083612040126,"y":3.1408862876254204},"type":"normal","angle":0},{"kind":"door","info":{"x":0.011622073578590797,"y":1.333193979933113},"type":"normal","angle":0},{"kind":"label","info":{"x":7.396237458193975,"y":9.525501672240805},"text":"112"},{"kind":"label","info":{"x":2.0885451505016683,"y":2.8331939799331125},"text":"101"},{"kind":"label","info":{"x":-2.415504987890663,"y":2.2109329950409604},"text":"113"},{"kind":"wall","info":{"x1":3,"x2":7,"y1":7,"y2":7}},{"kind":"wall","info":{"x1":8,"x2":21,"y1":7,"y2":7}},{"kind":"wall","info":{"x1":6,"x2":6,"y1":7,"y2":12}},{"kind":"wall","info":{"x1":21,"x2":6,"y1":12,"y2":12}},{"kind":"wall","info":{"x1":-2,"x2":0,"y1":0,"y2":1}},{"kind":"door","info":{"x":7.5116220735785895,"y":7.10242474916388},"type":"normal","angle":0},{"kind":"door","info":{"x":9.127006688963204,"y":8.525501672240804},"type":"normal","angle":0},{"kind":"door","info":{"x":11.088545150501666,"y":8.448578595317727},"type":"normal","angle":0},{"kind":"door","info":{"x":12.973160535117051,"y":8.525501672240804},"type":"normal","angle":0},{"kind":"door","info":{"x":14.896237458193973,"y":8.448578595317727},"type":"normal","angle":0},{"kind":"door","info":{"x":16.896237458193973,"y":8.410117056856189},"type":"normal","angle":0},{"kind":"wall","info":{"x1":0,"x2":27,"y1":1,"y2":1}},{"kind":"wall","info":{"x1":-2,"x2":0,"y1":0,"y2":1}},{"kind":"wall","info":{"x1":-4,"x2":-2,"y1":1,"y2":0}},{"kind":"stair","info":{"x":3.701107859531753,"y":10.300334448160543},"type":"both"},{"kind":"wall","info":{"x1":4,"x2":6,"y1":7,"y2":9}},{"kind":"wall","info":{"x1":6,"x2":3,"y1":12,"y2":13}},{"kind":"wall","info":{"x1":-2,"x2":-3,"y1":7,"y2":15}},{"kind":"wall","info":{"x1":-4,"x2":-6,"y1":1,"y2":3}},{"kind":"wall","info":{"x1":-5,"x2":-4,"y1":4,"y2":5}},{"kind":"door","info":{"x":-5.377043449429124,"y":3.787856071964037},"type":"normal","angle":0},{"kind":"wall","info":{"x1":-4,"x2":-2,"y1":5,"y2":6}},{"kind":"wall","info":{"x1":0,"x2":-1,"y1":5,"y2":6}},{"kind":"door","info":{"x":-1.4539665263522012,"y":5.941702225810191},"type":"normal","angle":0},{"kind":"wall","info":{"x1":-2,"x2":-4,"y1":4,"y2":5}},{"kind":"wall","info":{"x1":0,"x2":-1,"y1":4,"y2":4}},{"kind":"door","info":{"x":-1.530889603275278,"y":3.8647791488871146},"type":"normal","angle":0},{"kind":"label","info":{"x":-2.415504987890663,"y":2.2109329950409604},"text":"113"},{"kind":"wall","info":{"x1":0,"x2":3,"y1":11,"y2":13}},{"kind":"wall","info":{"x1":0,"x2":2,"y1":9,"y2":12}},{"kind":"wall","info":{"x1":-6,"x2":-2,"y1":7,"y2":8}},{"kind":"door","info":{"x":-5.49242806481374,"y":11.98016376427173},"type":"normal","angle":0},{"kind":"door","info":{"x":-3.10781268019835,"y":15.518625302733268},"type":"normal","angle":0},{"kind":"wall","info":{"x1":-4,"x2":18,"y1":32,"y2":32}},{"kind":"wall","info":{"x1":18,"x2":18,"y1":22,"y2":32}},{"kind":"wall","info":{"x1":18,"x2":17,"y1":26,"y2":26}},{"kind":"stair","info":{"x":16.507571935186267,"y":23.09554837965633},"type":"both"},{"kind":"wall","info":{"x1":15,"x2":15,"y1":22,"y2":26}},{"kind":"wall","info":{"x1":15,"x2":15,"y1":30,"y2":32}},{"kind":"wall","info":{"x1":14,"x2":18,"y1":28,"y2":28}},{"kind":"door","info":{"x":13.546033473647807,"y":28.01862530273325},"type":"normal","angle":0},{"kind":"wall","info":{"x1":15,"x2":15,"y1":28,"y2":29}},{"kind":"wall","info":{"x1":14,"x2":15,"y1":30,"y2":30}},{"kind":"wall","info":{"x1":12,"x2":13,"y1":30,"y2":30}},{"kind":"wall","info":{"x1":12,"x2":12,"y1":28,"y2":29}},{"kind":"label","info":{"x":16.507571935186267,"y":29.826317610425562},"text":"121"},{"kind":"label","info":{"x":11.122956550570883,"y":30.480163764271715},"text":"121b"},{"kind":"wall","info":{"x1":10,"x2":10,"y1":30,"y2":32}},{"kind":"wall","info":{"x1":10,"x2":10,"y1":28,"y2":29}},{"kind":"label","info":{"x":6.353725781340113,"y":30.403240687348635},"text":"120"},{"kind":"wall","info":{"x1":1,"x2":1,"y1":28,"y2":32}},{"kind":"wall","info":{"x1":9,"x2":9,"y1":28,"y2":32}},{"kind":"wall","info":{"x1":12,"x2":12,"y1":30,"y2":32}},{"kind":"wall","info":{"x1":5,"x2":5,"y1":28,"y2":32}},{"kind":"wall","info":{"x1":8,"x2":13,"y1":28,"y2":28}},{"kind":"door","info":{"x":7.507571935186275,"y":27.941702225810168},"type":"normal","angle":0},{"kind":"wall","info":{"x1":4,"x2":7,"y1":28,"y2":28}},{"kind":"wall","info":{"x1":1,"x2":3,"y1":28,"y2":28}},{"kind":"label","info":{"x":-5.261658834044493,"y":14.903240687348646},"text":"116"},{"kind":"wall","info":{"x1":-7,"x2":-6,"y1":24,"y2":3}},{"kind":"wall","info":{"x1":-3,"x2":-3,"y1":16,"y2":23}},{"kind":"wall","info":{"x1":-7,"x2":-4,"y1":24,"y2":32}},{"kind":"door","info":{"x":-0.4924280648137227,"y":26.44170222581017},"type":"normal","angle":0},{"kind":"wall","info":{"x1":-3,"x2":-7,"y1":23,"y2":23}},{"kind":"wall","info":{"x1":-5,"x2":-3,"y1":12,"y2":12}},{"kind":"wall","info":{"x1":-5,"x2":-3,"y1":18,"y2":18}},{"kind":"wall","info":{"x1":-7,"x2":-6,"y1":18,"y2":18}},{"kind":"door","info":{"x":-5.4962742186598526,"y":18.145548379656336},"type":"normal","angle":0},{"kind":"label","info":{"x":13.272956550570905,"y":23.991702225810165},"text":"122a"},{"kind":"wall","info":{"x1":11,"x2":16,"y1":26,"y2":26}},{"kind":"wall","info":{"x1":12,"x2":12,"y1":22,"y2":24}},{"kind":"wall","info":{"x1":11,"x2":12,"y1":24,"y2":24}},{"kind":"wall","info":{"x1":12,"x2":12,"y1":25,"y2":26}},{"kind":"wall","info":{"x1":9,"x2":9,"y1":24,"y2":22}},{"kind":"wall","info":{"x1":9,"x2":10,"y1":24,"y2":24}},{"kind":"wall","info":{"x1":9,"x2":9,"y1":25,"y2":26}},{"kind":"door","info":{"x":10.388341165955522,"y":25.837856071964012},"type":"normal","angle":0},{"kind":"label","info":{"x":7.88834116595552,"y":23.876317610425552},"text":"122"},{"kind":"wall","info":{"x1":6,"x2":6,"y1":22,"y2":26}},{"kind":"wall","info":{"x1":6,"x2":10,"y1":26,"y2":26}},{"kind":"label","info":{"x":-2.3808896032752482,"y":29.260932995040925},"text":"amfiteatrul stoilow"},{"kind":"wall","info":{"x1":3,"x2":3,"y1":13,"y2":18}},{"kind":"wall","info":{"x1":1,"x2":3,"y1":14,"y2":14}},{"kind":"wall","info":{"x1":1,"x2":3,"y1":17,"y2":17}},{"kind":"wall","info":{"x1":1,"x2":1,"y1":14,"y2":15}},{"kind":"wall","info":{"x1":3,"x2":6,"y1":24,"y2":26}},{"kind":"wall","info":{"x1":3,"x2":6,"y1":18,"y2":22}},{"kind":"wall","info":{"x1":6,"x2":18,"y1":22,"y2":22}},{"kind":"wall","info":{"x1":2,"x2":4,"y1":20,"y2":19}},{"kind":"wall","info":{"x1":4,"x2":6,"y1":23,"y2":22}},{"kind":"door","info":{"x":2.272956550570905,"y":23.453240687348618},"type":"normal","angle":0},{"kind":"door","info":{"x":-0.11165883404447996,"y":15.337856071964001},"type":"normal","angle":0},{"kind":"wall","info":{"x1":1,"x2":1,"y1":16,"y2":17}},{"kind":"label","info":{"x":0.579275231889584,"y":15.419449478557407},"text":"125"},{"kind":"wall","info":{"x1":0,"x2":0,"y1":16,"y2":21}},{"kind":"wall","info":{"x1":-3,"x2":-1,"y1":23,"y2":26}},{"kind":"wall","info":{"x1":0,"x2":1,"y1":27,"y2":28}},{"kind":"wall","info":{"x1":3,"x2":6,"y1":24,"y2":26}},{"kind":"wall","info":{"x1":0,"x2":2,"y1":21,"y2":23}},{"kind":"wall","info":{"x1":9,"x2":9,"y1":9,"y2":12}},{"kind":"wall","info":{"x1":11,"x2":11,"y1":9,"y2":12}},{"kind":"wall","info":{"x1":13,"x2":13,"y1":9,"y2":12}},{"kind":"wall","info":{"x1":15,"x2":15,"y1":9,"y2":12}},{"kind":"wall","info":{"x1":15,"x2":15,"y1":7,"y2":8}},{"kind":"wall","info":{"x1":13,"x2":13,"y1":7,"y2":8}},{"kind":"wall","info":{"x1":11,"x2":11,"y1":7,"y2":8}},{"kind":"wall","info":{"x1":9,"x2":9,"y1":7,"y2":8}},{"kind":"wall","info":{"x1":17,"x2":17,"y1":7,"y2":8}},{"kind":"wall","info":{"x1":17,"x2":17,"y1":9,"y2":12}},{"kind":"wall","info":{"x1":15,"x2":15,"y1":3,"y2":1}},{"kind":"wall","info":{"x1":15,"x2":15,"y1":4,"y2":5}},{"kind":"wall","info":{"x1":12,"x2":12,"y1":4,"y2":5}},{"kind":"wall","info":{"x1":12,"x2":12,"y1":1,"y2":3}},{"kind":"wall","info":{"x1":5,"x2":5,"y1":1,"y2":3}},{"kind":"wall","info":{"x1":5,"x2":5,"y1":4,"y2":5}},{"kind":"wall","info":{"x1":20,"x2":20,"y1":4,"y2":5}},{"kind":"wall","info":{"x1":20,"x2":20,"y1":1,"y2":3}},{"kind":"wall","info":{"x1":0,"x2":0,"y1":9,"y2":15}},{"kind":"wall","info":{"x1":21,"x2":27,"y1":10,"y2":10}},{"kind":"wall","info":{"x1":21,"x2":21,"y1":7,"y2":12}}]', 1, 71),
(343, 312, '[{"kind":"door","info":{"x":35.32647058823529,"y":5.349999999999998},"type":"normal","angle":0},{"kind":"stair","info":{"x":47.06048593350383,"y":3.6517902813299212},"type":"both"},{"kind":"label","info":{"x":34.23439897698209,"y":0.3039641943733997},"text":"tata"},{"kind":"label","info":{"x":39.14744245524296,"y":-0.21777493606138254},"text":"usa iesire"},{"kind":"door","info":{"x":38.32135549872122,"y":2.217007672634269},"type":"normal","angle":0},{"kind":"stair","info":{"x":42.1039641943734,"y":1.7822250639386175},"type":"down"},{"kind":"wall","info":{"x1":29,"x2":45,"y1":2,"y2":9}}]', 0, 112),
(344, 313, '[{"kind":"door","info":{"x":35.32647058823529,"y":5.349999999999998},"type":"normal","angle":0},{"kind":"stair","info":{"x":47.06048593350383,"y":3.6517902813299212},"type":"both"},{"kind":"label","info":{"x":34.23439897698209,"y":0.3039641943733997},"text":"tata"},{"kind":"label","info":{"x":39.14744245524296,"y":-0.21777493606138254},"text":"usa iesire"},{"kind":"door","info":{"x":38.32135549872122,"y":2.217007672634269},"type":"normal","angle":0},{"kind":"stair","info":{"x":42.1039641943734,"y":1.7822250639386175},"type":"down"},{"kind":"wall","info":{"x1":29,"x2":44,"y1":2,"y2":9}},{"kind":"wall","info":{"x1":29,"x2":33,"y1":2,"y2":12}}]', 0, 112),
(345, 314, '[{"kind":"door","info":{"x":35.32647058823529,"y":5.349999999999998},"type":"normal","angle":0},{"kind":"stair","info":{"x":47.06048593350383,"y":3.6517902813299212},"type":"both"},{"kind":"label","info":{"x":34.23439897698209,"y":0.3039641943733997},"text":"tata"},{"kind":"label","info":{"x":39.14744245524296,"y":-0.21777493606138254},"text":"usa iesire"},{"kind":"door","info":{"x":38.32135549872122,"y":2.217007672634269},"type":"normal","angle":0},{"kind":"stair","info":{"x":42.1039641943734,"y":1.7822250639386175},"type":"down"},{"kind":"wall","info":{"x1":29,"x2":44,"y1":2,"y2":9}},{"kind":"wall","info":{"x1":29,"x2":33,"y1":2,"y2":12}},{"kind":"door","info":{"x":36.449999999999996,"y":13.150000000000006},"type":"exit","angle":0}]', 0, 112);

-- --------------------------------------------------------

--
-- Table structure for table `users`
--

CREATE TABLE IF NOT EXISTS `users` (
  `id` int(11) NOT NULL AUTO_INCREMENT,
  `fb_id` varchar(32) NOT NULL,
  `role` tinyint(1) NOT NULL DEFAULT '0',
  `email` varchar(64) NOT NULL,
  `name` varchar(64) NOT NULL,
  PRIMARY KEY (`id`),
  KEY `fb_id` (`fb_id`)
) ENGINE=MyISAM  DEFAULT CHARSET=latin1 AUTO_INCREMENT=73 ;

--
-- Dumping data for table `users`
--

INSERT INTO `users` (`id`, `fb_id`, `role`, `email`, `name`) VALUES
(21, '100001686047661', 1, 'radumvlad@yahoo.com', 'Radu Vlad'),
(72, '1441379616113670', 0, '1441379616113670', 'Iulia Pancu'),
(41, '1441379616', 0, 'iulia.pan@outlook.com', 'Iulia Pancu'),
(51, '632417090161001', 0, 'gege_alina@yahoo.com', 'Georgiana Stefan'),
(61, '702898909756546', 0, 'smarius.sorin@yahoo.com', 'Marius Stratulat'),
(71, '10202191141724559', 0, 'chasin_starlights@yahoo.com', 'Bianca Tesila');

/*!40101 SET CHARACTER_SET_CLIENT=@OLD_CHARACTER_SET_CLIENT */;
/*!40101 SET CHARACTER_SET_RESULTS=@OLD_CHARACTER_SET_RESULTS */;
/*!40101 SET COLLATION_CONNECTION=@OLD_COLLATION_CONNECTION */;
